Battery_ID,Cycle,Capacity,Temperature_C,Internal_Resistance_Ohm
BAT_001_Standard,1,99.85020750672075,23.85151489826093,0.015017336092584523
BAT_001_Standard,2,100.0,26.60442981381184,0.015073053830137058
BAT_001_Standard,3,99.8557216226992,24.090744039100695,0.015287597001409225
BAT_001_Standard,4,99.53824375950688,25.091820741221706,0.015511144101889151
BAT_001_Standard,5,99.779630020637,25.879724990168793,0.014693859164297298
BAT_001_Standard,6,99.22875859561621,24.278322325230448,0.014803207448158889
BAT_001_Standard,7,99.4368762144203,26.65738074275218,0.01511274543440268
BAT_001_Standard,8,99.09707547890001,26.04215935312957,0.016066805841521748
BAT_001_Standard,9,99.07047801604982,27.117590208678337,0.0156819146310871
BAT_001_Standard,10,98.94105211346394,25.15599121216389,0.015484668927802201
BAT_001_Standard,11,98.68854364160347,27.507114147398507,0.015102570390495984
BAT_001_Standard,12,98.73221530571846,24.87455419652088,0.015141904354494265
BAT_001_Standard,13,98.87989903929527,22.63848374286652,0.015323000453360486
BAT_001_Standard,14,98.53666832990712,25.460038116793992,0.015119264820881174
BAT_001_Standard,15,98.77931188680584,25.17129517422281,0.015641850816105772
BAT_001_Standard,16,99.12432250960428,26.595441880850043,0.015400104570160495
BAT_001_Standard,17,99.06085290246779,26.058404180437005,0.015724790059027483
BAT_001_Standard,18,98.65086768461578,24.40882696288958,0.015921569473784133
BAT_001_Standard,19,97.84872237675012,24.851847829000242,0.01495778405205271
BAT_001_Standard,20,98.5356660054863,25.474343387021516,0.016136773607773797
BAT_001_Standard,21,99.2846577930431,24.987131195425057,0.015649470547309766
BAT_001_Standard,22,97.67208516393559,24.289289505286522,0.015662502312182334
BAT_001_Standard,23,98.08321143038873,24.047753749492383,0.015430302274201753
BAT_001_Standard,24,98.49039067784628,27.651265423260845,0.016219067922165833
BAT_001_Standard,25,98.3778847378661,24.751488249758943,0.016860546532080474
BAT_001_Standard,26,97.63869506908036,26.609890975449165,0.016032409572353516
BAT_001_Standard,27,97.69921128829081,26.436483719325913,0.01572818131467548
BAT_001_Standard,28,97.56245321911899,25.533281651724455,0.016108896688267486
BAT_001_Standard,29,97.07587254324423,24.629887348095032,0.016264277758489393
BAT_001_Standard,30,97.28497461651206,25.68357340170383,0.016487864360067175
BAT_001_Standard,31,96.97794069797642,26.180865996401273,0.015809023685401782
BAT_001_Standard,32,97.89965607770198,26.1105655938281,0.01633435618349835
BAT_001_Standard,33,97.34467609474224,25.700834977873214,0.016566028150037496
BAT_001_Standard,34,96.68710112821483,25.4780613839073,0.0162798627055384
BAT_001_Standard,35,97.2400311422405,26.02798438881808,0.017014647164044192
BAT_001_Standard,36,96.66561406755888,26.211124184647403,0.01701870983713466
BAT_001_Standard,37,97.33949830810494,24.405653183735538,0.015725505960607896
BAT_001_Standard,38,96.99462709562388,27.704288121508295,0.017161004514188064
BAT_001_Standard,39,96.63590115467984,27.282503770831884,0.016329526592512987
BAT_001_Standard,40,97.1722352076644,26.903833083746164,0.017140566267170764
BAT_001_Standard,41,96.8146109721242,26.559700086290896,0.015991392814981693
BAT_001_Standard,42,97.20743270497482,27.66171323400993,0.016808090303613306
BAT_001_Standard,43,96.8172868868292,27.554961758161735,0.015964637492201325
BAT_001_Standard,44,95.93062912484348,25.934021924675815,0.017335294565048457
BAT_001_Standard,45,96.6771266640069,27.752754395515428,0.016756047253761792
BAT_001_Standard,46,96.43395459920261,23.919601671260942,0.016440077419966732
BAT_001_Standard,47,96.50183745209279,25.645178669800835,0.01703147667101283
BAT_001_Standard,48,96.18525613022504,24.945433726460475,0.016829166593520756
BAT_001_Standard,49,96.39883743150618,25.62592394997858,0.016928533635393744
BAT_001_Standard,50,96.14631447406934,26.08548519415937,0.017493444563467807
BAT_001_Standard,51,95.98738531423356,25.736429615676613,0.017184377053467616
BAT_001_Standard,52,95.65646315335054,27.134138221710476,0.01695382893786243
BAT_001_Standard,53,96.46901667665298,27.066223302136205,0.01686337350212988
BAT_001_Standard,54,95.94934007104551,26.004673869645313,0.017120867794217846
BAT_001_Standard,55,95.64514622907537,27.530662511371986,0.0172987438794054
BAT_001_Standard,56,95.25311410155803,27.796913409847786,0.01760204606644647
BAT_001_Standard,57,95.6063376061735,28.23625238092179,0.01756441805222242
BAT_001_Standard,58,95.53222096741473,27.067050595890652,0.01669405534717441
BAT_001_Standard,59,94.4411842986079,26.845167648027786,0.017609828675226626
BAT_001_Standard,60,94.85603129382527,26.51271042536265,0.01681418823986383
BAT_001_Standard,61,95.46412338532625,24.607892892040425,0.017260444465988126
BAT_001_Standard,62,95.01273653842284,28.125317869918863,0.01757968031329995
BAT_001_Standard,63,95.40275359967347,26.598475294341128,0.017852070895397597
BAT_001_Standard,64,94.93422770985048,26.73916533580476,0.017240671468283602
BAT_001_Standard,65,94.34740815791503,28.51207126799791,0.01695701327292655
BAT_001_Standard,66,94.7526718860774,26.44705065668265,0.018623021871815446
BAT_001_Standard,67,94.44434202803322,29.324351762373308,0.017711256401354618
BAT_001_Standard,68,94.12757708380293,25.165402349858134,0.017678573697732295
BAT_001_Standard,69,95.23131166111023,26.108894384687197,0.018522738473147605
BAT_001_Standard,70,94.63591384176563,27.185092437479618,0.01860507966634229
BAT_001_Standard,71,94.35193996405424,26.026374077705306,0.018267727560800816
BAT_001_Standard,72,93.88031458950695,25.43644822830607,0.01806359886563659
BAT_001_Standard,73,94.76063249446784,28.72195392837992,0.01810397709556045
BAT_001_Standard,74,93.55116451188485,26.39518937973845,0.018443128737732756
BAT_001_Standard,75,94.10392688154406,26.80846000129671,0.018029116991377745
BAT_001_Standard,76,94.01322913684987,25.84440446865557,0.018334974941290747
BAT_001_Standard,77,93.97302447437636,29.128224639533304,0.01824895677046275
BAT_001_Standard,78,94.19693341885112,26.030541662491736,0.018708394844886032
BAT_001_Standard,79,93.89635050203351,26.984388492426824,0.0172295017161393
BAT_001_Standard,80,93.83581437789807,26.724250783003612,0.018270397825876722
BAT_001_Standard,81,93.53073281510669,28.48693101125369,0.018320732782268322
BAT_001_Standard,82,93.57819745633846,28.506052165319325,0.018215142374873556
BAT_001_Standard,83,93.63467640191583,29.52609999054923,0.01853309884431942
BAT_001_Standard,84,93.73727292496785,28.160310983852504,0.018543549388274266
BAT_001_Standard,85,93.51612430942764,27.254825545244014,0.01835995420140438
BAT_001_Standard,86,93.24559355549647,29.264050675821107,0.018058490785820766
BAT_001_Standard,87,92.89978035147263,26.646467552916228,0.01835550474364098
BAT_001_Standard,88,93.3999745993471,28.227853202431792,0.01898317559223442
BAT_001_Standard,89,92.7026192787188,29.193480144591135,0.018165627739617208
BAT_001_Standard,90,92.585429276844,29.208110544683105,0.01831430943284414
BAT_001_Standard,91,93.60909952794253,26.407622682392592,0.018953938432123545
BAT_001_Standard,92,92.20831176883196,26.922743501291475,0.018986029448108933
BAT_001_Standard,93,92.94675232329892,28.22349076400127,0.018446312940362235
BAT_001_Standard,94,92.91958784519599,28.402126739306446,0.019344663201587866
BAT_001_Standard,95,93.22406898534415,27.260323321005426,0.01876680730259855
BAT_001_Standard,96,92.14525962434425,30.104609292499667,0.019098668180305332
BAT_001_Standard,97,92.48592418764343,28.238824702631547,0.019279385200964456
BAT_001_Standard,98,92.50525933748536,28.40444346980938,0.01916598104826595
BAT_001_Standard,99,91.99903031606071,28.416916979480053,0.019545818644913827
BAT_001_Standard,100,91.9591171510624,27.938403288239,0.018944611322115418
BAT_001_Standard,101,92.4347786438571,28.17997635731013,0.018964548728816952
BAT_001_Standard,102,91.95113550429743,29.965541319581778,0.019161897196183927
BAT_001_Standard,103,92.05447518846943,27.154082708479304,0.018376677829516182
BAT_001_Standard,104,92.22828107894571,27.440890962492055,0.018804170284140217
BAT_001_Standard,105,91.68086874380344,28.12899574757425,0.018697147312713585
BAT_001_Standard,106,92.04246370257191,28.827908022222164,0.019138951130852074
BAT_001_Standard,107,91.71926019933508,29.756893925807468,0.01912486246063476
BAT_001_Standard,108,91.57602265617344,27.87705717878823,0.019623285445534294
BAT_001_Standard,109,92.33739532106438,29.011229342808868,0.019504398327321835
BAT_001_Standard,110,91.40850073382406,27.312298017036657,0.0196871805609219
BAT_001_Standard,111,91.63817551550808,28.828337071276355,0.01900744176680362
BAT_001_Standard,112,91.68166381926534,27.30907894216844,0.01941699617111152
BAT_001_Standard,113,91.13568605981156,27.968771421811685,0.019347883253329153
BAT_001_Standard,114,91.40500167363687,30.778562119640974,0.01923924368484341
BAT_001_Standard,115,91.0723259238665,27.373636804316547,0.01960322708931375
BAT_001_Standard,116,90.92600828381204,26.772084972421368,0.020144989718819162
BAT_001_Standard,117,90.75122357275978,28.03666686969323,0.019488311099929562
BAT_001_Standard,118,90.97375952202222,29.4507475393321,0.019670090472491214
BAT_001_Standard,119,90.7970619274664,26.847887498076773,0.019145444307502313
BAT_001_Standard,120,90.40493817545016,26.780223126175102,0.019556754073804396
BAT_001_Standard,121,90.40032440119587,30.13458550346481,0.01959898586162069
BAT_001_Standard,122,90.72405666419493,28.115624517093668,0.019358990934513067
BAT_001_Standard,123,90.70996563129853,28.173680259281056,0.019632788259792498
BAT_001_Standard,124,90.77941106973425,30.197657509661063,0.01959250669991917
BAT_001_Standard,125,90.44128661478219,28.09227162022094,0.01958562082940519
BAT_001_Standard,126,90.41149826017906,29.597794549092352,0.020085803439896247
BAT_001_Standard,127,90.17157010310164,28.152513866155218,0.020360567764269328
BAT_001_Standard,128,90.25840597815947,27.104472647405228,0.02017261696719784
BAT_001_Standard,129,90.68453197685614,28.19165697573849,0.01981054227823598
BAT_001_Standard,130,90.59096455217595,30.053458963155187,0.02049430777894699
BAT_001_Standard,131,89.83901378680548,27.5260477425682,0.020580474167570844
BAT_001_Standard,132,90.71412165511771,28.926201249200783,0.02083846820879878
BAT_001_Standard,133,89.55175534976878,29.444235440415525,0.020085027466007845
BAT_001_Standard,134,89.68401143949633,29.637758243479006,0.020569574849667215
BAT_001_Standard,135,89.96559140298301,28.79254342532458,0.020449339650623954
BAT_001_Standard,136,90.21767040783837,28.20987818440764,0.020633678544579877
BAT_001_Standard,137,89.18329084247414,30.30699026841801,0.02012706596123648
BAT_001_Standard,138,89.0207797732896,28.461495976220984,0.020140442798103488
BAT_001_Standard,139,89.33948087246026,30.045674031869765,0.02061981298277324
BAT_001_Standard,140,89.494585963314,29.5148923310802,0.02067670920558829
BAT_001_Standard,141,89.43573351062487,26.260274477816345,0.021124654254614704
BAT_001_Standard,142,89.01772667361784,28.90042379975527,0.01992240299919884
BAT_001_Standard,143,89.21483912244196,30.48573971336865,0.020373948285568655
BAT_001_Standard,144,89.03631822103014,27.69281735303112,0.02131672961295657
BAT_001_Standard,145,88.73213190118858,29.28973816248455,0.020983544044646064
BAT_001_Standard,146,88.56127195191526,29.05401578406201,0.02103309517453625
BAT_001_Standard,147,89.2081429461625,29.213615105044717,0.020768347841205282
BAT_001_Standard,148,89.25880353127361,27.94722560926329,0.02203636168069117
BAT_001_Standard,149,88.783138882876,30.271675704244263,0.02055804902383903
BAT_001_Standard,150,88.35985501173397,31.376241626937446,0.020881861041735016
BAT_001_Standard,151,88.51324188455014,32.0898910573197,0.020987308677592183
BAT_001_Standard,152,88.4613521423259,29.32389876162559,0.021146202334621972
BAT_001_Standard,153,88.2685346935658,29.70159329599632,0.021315319934194894
BAT_001_Standard,154,88.1999392650719,29.933082739765126,0.021558396224766248
BAT_001_Standard,155,87.61636642279973,29.91308498189637,0.02093866457566881
BAT_001_Standard,156,88.32355101519039,31.069360845309223,0.021533842545977833
BAT_001_Standard,157,88.73878977437789,30.530888638806488,0.020983042049370737
BAT_001_Standard,158,88.25971582936874,30.745389874042438,0.02132593012486577
BAT_001_Standard,159,88.21117106565364,31.87826971000743,0.02109737716275783
BAT_001_Standard,160,88.14683177902127,31.920678398595147,0.02122915705887671
BAT_001_Standard,161,88.23194446553288,29.76073670051471,0.021655558269514576
BAT_001_Standard,162,87.97328184309927,31.156551343220716,0.020293873241479833
BAT_001_Standard,163,87.47052464065044,29.628599279301465,0.022784831485485
BAT_001_Standard,164,87.36924528157043,29.868026829810663,0.022437618105680207
BAT_001_Standard,165,87.28427912959854,30.763657208611118,0.02174667469958428
BAT_001_Standard,166,87.87327083014488,30.222412535444708,0.02166384592395008
BAT_001_Standard,167,87.33455751321452,28.78648319405982,0.02167871808285766
BAT_001_Standard,168,87.18867470892668,31.556201850364097,0.0221535658714099
BAT_001_Standard,169,87.12684074495135,29.293074934741522,0.02173723542778959
BAT_001_Standard,170,87.34342904059943,30.254000945327505,0.021802216460176153
BAT_001_Standard,171,86.69935539497968,28.123424877049978,0.021573966756443495
BAT_001_Standard,172,87.36844160229704,29.993461580909454,0.021373483319341295
BAT_001_Standard,173,86.40702361591224,32.039849269500834,0.022453646706457994
BAT_001_Standard,174,86.85629458948436,28.884468166765693,0.022313759721787785
BAT_001_Standard,175,87.17142351537471,29.506861870487874,0.021778440216280424
BAT_001_Standard,176,87.3070212110313,31.155988616586644,0.022016350421134298
BAT_001_Standard,177,86.55299768374601,30.38922448485161,0.022746347066260515
BAT_001_Standard,178,87.08298320551806,29.917400051169658,0.021361368450711404
BAT_001_Standard,179,86.8285309514127,30.696593153160535,0.02227655768903886
BAT_001_Standard,180,86.54341086037654,31.203761775585168,0.022121414946095905
BAT_001_Standard,181,86.4062513242229,28.412370504665688,0.02242597399975699
BAT_001_Standard,182,86.36883756891666,29.910789566950776,0.022402749087920188
BAT_001_Standard,183,86.66324031196469,30.802089038012685,0.022344700263107916
BAT_001_Standard,184,85.87018860544997,30.868814564353038,0.021889336887986794
BAT_001_Standard,185,86.18362947898616,31.84489557480944,0.021538965149950497
BAT_001_Standard,186,86.63612296898054,31.66427043275419,0.02220268802834519
BAT_001_Standard,187,86.36111967705155,31.617222347921984,0.022249532527651737
BAT_001_Standard,188,86.30865855333194,31.782104410342374,0.022910019110597476
BAT_001_Standard,189,85.3712852546873,30.20947548864387,0.022900723984622583
BAT_001_Standard,190,86.26821984236084,29.991565989838627,0.021846864481676102
BAT_001_Standard,191,85.62768274002559,31.354151650925644,0.02230758672069603
BAT_001_Standard,192,85.7725216851607,31.96466969388662,0.02243862438964782
BAT_001_Standard,193,85.67850904869181,30.60213639716618,0.0233335663274943
BAT_001_Standard,194,85.78294169307597,29.55865994225385,0.02291885258481622
BAT_001_Standard,195,85.5796613915718,30.43684669957474,0.022301674351273375
BAT_001_Standard,196,85.75923367867992,29.984238621402472,0.022919539527034342
BAT_001_Standard,197,85.35639982200277,30.49544342666297,0.023416043406524523
BAT_001_Standard,198,85.65204894333165,31.73303367448528,0.022608445785722422
BAT_001_Standard,199,85.02964703235844,29.75541300744553,0.023631233576702007
BAT_001_Standard,200,84.94828492402443,32.226596883121346,0.02185292471141528
BAT_001_Standard,201,85.36759929098459,30.60198414685758,0.02267098631732314
BAT_001_Standard,202,85.17032893372433,31.39683258975201,0.023106768504695063
BAT_001_Standard,203,85.3982169367614,32.33403285448416,0.022852387851118663
BAT_001_Standard,204,85.10538302045117,28.320749386611574,0.02297064884483934
BAT_001_Standard,205,85.05120478295638,31.10058358247571,0.02231493706113476
BAT_001_Standard,206,84.97822277696005,29.490772358043685,0.023476306402125044
BAT_001_Standard,207,85.04930048885723,32.0288079717759,0.023714051074837265
BAT_001_Standard,208,84.8128664397379,32.68974258250805,0.023511084314005892
BAT_001_Standard,209,84.80053238542511,32.288926704947436,0.02305040206181535
BAT_001_Standard,210,84.39624014282406,30.041674236230854,0.024080185478617715
BAT_001_Standard,211,85.04986484770875,31.20993924716515,0.023359598006536843
BAT_001_Standard,212,84.51569695771933,32.229218481883855,0.02392163281582623
BAT_001_Standard,213,84.35728938841558,30.36801208962009,0.023137018356475546
BAT_001_Standard,214,84.43531038752712,34.40624960131637,0.023620187179852516
BAT_001_Standard,215,84.28653937481057,31.01080235963063,0.02352240758183941
BAT_001_Standard,216,84.1883160412044,31.033630654186425,0.02399453039847861
BAT_001_Standard,217,84.00334006307327,29.490933332646094,0.02424434371243936
BAT_001_Standard,218,83.76544556602282,31.140336903767597,0.023196545520588505
BAT_001_Standard,219,83.65861209672674,28.181015336576092,0.024225585821071444
BAT_001_Standard,220,83.94197921170867,31.040465054077057,0.024254465830996736
BAT_001_Standard,221,83.74964494211237,30.450488216906855,0.02347167061478209
BAT_001_Standard,222,83.77796308380536,31.471272552734785,0.024750338149271592
BAT_001_Standard,223,83.92362665804866,32.030590095340784,0.024475607597206732
BAT_001_Standard,224,83.03451197990319,31.326093482117088,0.023897657504560254
BAT_001_Standard,225,83.33735189979005,31.62711288187193,0.02409762670075798
BAT_001_Standard,226,83.35306585759439,31.504550300849203,0.024481698765199397
BAT_001_Standard,227,83.19125873506334,32.58795703221719,0.02386540893718713
BAT_001_Standard,228,83.60214168076595,33.44594102900461,0.024160960559464515
BAT_001_Standard,229,83.77223214651026,32.439317269649884,0.024108804989674402
BAT_001_Standard,230,83.36977981959649,31.759807205426547,0.024435389233494857
BAT_001_Standard,231,82.93817177021835,31.782280949867573,0.024031695181881828
BAT_001_Standard,232,82.48420880636611,30.83074989616565,0.02396351275620551
BAT_001_Standard,233,82.70891463094328,30.718832210542455,0.024720670144289324
BAT_001_Standard,234,83.30647247774007,32.54077163198794,0.024573032565683956
BAT_001_Standard,235,82.87477513471818,34.770041067106455,0.024440710836631848
BAT_001_Standard,236,82.60611829734178,33.46895975657556,0.0246038381713085
BAT_001_Standard,237,83.09803450589253,32.005724871782796,0.023959416616780558
BAT_001_Standard,238,83.23608816485904,30.498192494513997,0.024399846894192972
BAT_001_Standard,239,82.34252818723445,33.449937656238674,0.02472864975511799
BAT_001_Standard,240,82.60660422742238,33.3105410271777,0.024782561901033177
BAT_001_Standard,241,82.40196109686195,34.312330121738604,0.024408845969742517
BAT_001_Standard,242,82.37492938729696,31.73832895972976,0.024624776359827467
BAT_001_Standard,243,82.43609949948437,31.16418397305305,0.024703548006347876
BAT_001_Standard,244,82.37919923022724,30.81701889193084,0.0245249628599716
BAT_001_Standard,245,81.41268015000784,34.59288627667643,0.024941816501310006
BAT_001_Standard,246,82.20947263518964,31.219375507645065,0.025562978909756198
BAT_001_Standard,247,82.39256559967559,33.07889297753455,0.025055219613035123
BAT_001_Standard,248,81.90644000965696,32.01743886444315,0.024580888596593915
BAT_001_Standard,249,81.79319034457268,31.76310341716698,0.02531691945348219
BAT_001_Standard,250,81.48364369433443,31.83165687153878,0.025033687202372406
BAT_002_Rapid_Degradation,1,99.94644162702342,24.65990787057373,0.017844113473834498
BAT_002_Rapid_Degradation,2,99.51700831775861,24.70549348318651,0.01827571301608534
BAT_002_Rapid_Degradation,3,99.68904615670206,25.68147173653733,0.018249633950114683
BAT_002_Rapid_Degradation,4,99.3025237278108,26.080070967721074,0.018648338157341564
BAT_002_Rapid_Degradation,5,99.21218700530322,25.176893962539044,0.019053533868858975
BAT_002_Rapid_Degradation,6,98.81940947158253,22.09314701067791,0.019132880549546635
BAT_002_Rapid_Degradation,7,98.66153870721388,24.930142302502865,0.017716400149671456
BAT_002_Rapid_Degradation,8,98.47044835154746,25.31218100300014,0.018830934607316885
BAT_002_Rapid_Degradation,9,97.92637760508902,25.43165491723399,0.019318449223436954
BAT_002_Rapid_Degradation,10,98.21526814418309,28.232181319056718,0.019288758969572953
BAT_002_Rapid_Degradation,11,97.36804034033896,27.491463867319677,0.019653031789554347
BAT_002_Rapid_Degradation,12,97.52700548913893,24.225663507316565,0.01975092994200182
BAT_002_Rapid_Degradation,13,96.67261071832455,25.224006460241114,0.01883317812601917
BAT_002_Rapid_Degradation,14,97.10286872050442,26.020254059723992,0.019940874818470653
BAT_002_Rapid_Degradation,15,96.73304253254098,28.15615277628251,0.01961331267575012
BAT_002_Rapid_Degradation,16,96.66977853232179,25.70185374742664,0.01940961937107321
BAT_002_Rapid_Degradation,17,96.59042575543822,25.1896913189489,0.02050759303901987
BAT_002_Rapid_Degradation,18,96.27905425489949,26.530209263889574,0.0196473703790812
BAT_002_Rapid_Degradation,19,96.28657529640002,26.163920437687885,0.020395839758365127
BAT_002_Rapid_Degradation,20,95.98480703517077,25.340135136581925,0.020621451274386384
BAT_002_Rapid_Degradation,21,95.52912424050449,27.06223558931803,0.020201757619599463
BAT_002_Rapid_Degradation,22,94.87336920098798,27.06318175225527,0.02042890349522771
BAT_002_Rapid_Degradation,23,94.61415151411687,27.54850550663871,0.02052922049238828
BAT_002_Rapid_Degradation,24,94.66417429360892,28.5661751511799,0.02056232482499465
BAT_002_Rapid_Degradation,25,94.81258417934646,27.7191522993344,0.020223459074555514
BAT_002_Rapid_Degradation,26,94.694382285265,26.182623200560524,0.020703639732876027
BAT_002_Rapid_Degradation,27,94.16582929911611,28.232321549919472,0.021012196362241064
BAT_002_Rapid_Degradation,28,93.77234699503948,26.519738185242318,0.021146509936636776
BAT_002_Rapid_Degradation,29,93.4922144709571,27.716548265149772,0.02038635615664779
BAT_002_Rapid_Degradation,30,93.87498915286777,27.050430457850343,0.02122989094972863
BAT_002_Rapid_Degradation,31,92.94445392608422,25.87495446119999,0.0221930010253765
BAT_002_Rapid_Degradation,32,93.00711203708909,28.784804602554924,0.021515590366407347
BAT_002_Rapid_Degradation,33,92.80640368782937,27.0320558688219,0.02127746362649374
BAT_002_Rapid_Degradation,34,92.91935557564437,27.1382747446709,0.021511520070636576
BAT_002_Rapid_Degradation,35,92.73304016515753,27.536537112983012,0.021566122557308044
BAT_002_Rapid_Degradation,36,91.9831014070438,26.646850285411894,0.022507478929548158
BAT_002_Rapid_Degradation,37,92.18210881457064,27.041030835135473,0.0223058362538064
BAT_002_Rapid_Degradation,38,92.6925927381174,25.675057773764443,0.02263780335801838
BAT_002_Rapid_Degradation,39,91.30326330040674,27.464633264523304,0.021349252464197905
BAT_002_Rapid_Degradation,40,91.44638127852889,28.561366611152106,0.023007058290489803
BAT_002_Rapid_Degradation,41,91.3003913365848,27.55046261316768,0.02288006597893577
BAT_002_Rapid_Degradation,42,91.0970435637352,27.310665967043576,0.022293961340509556
BAT_002_Rapid_Degradation,43,90.32294266866185,27.43998583927878,0.023031442662092026
BAT_002_Rapid_Degradation,44,90.81664686928872,28.070172228930137,0.02341227107634205
BAT_002_Rapid_Degradation,45,90.2743367726682,28.209016470997184,0.022845320599396066
BAT_002_Rapid_Degradation,46,90.26675062187991,28.101467029542995,0.0230142163306275
BAT_002_Rapid_Degradation,47,89.9044128588071,29.934748705648072,0.02264864117938984
BAT_002_Rapid_Degradation,48,90.38012745712228,27.227914782707085,0.02291100350975125
BAT_002_Rapid_Degradation,49,89.677831547472,27.293772548153584,0.022881716976984618
BAT_002_Rapid_Degradation,50,89.29782711327722,28.736660618609584,0.02336973368631399
BAT_002_Rapid_Degradation,51,89.10123283605081,27.951126427209335,0.02383097541178857
BAT_002_Rapid_Degradation,52,88.79855544616144,27.529813828902693,0.02422887566083521
BAT_002_Rapid_Degradation,53,88.39165234329215,28.018883658677343,0.02456507525841828
BAT_002_Rapid_Degradation,54,88.39016220086494,30.25977799076963,0.02403820185719022
BAT_002_Rapid_Degradation,55,88.35922667598408,29.897285566784806,0.024064335004993203
BAT_002_Rapid_Degradation,56,88.78538312005176,27.567648092759335,0.023757783653547797
BAT_002_Rapid_Degradation,57,88.30795535797799,30.706590872315374,0.02403172785875986
BAT_002_Rapid_Degradation,58,87.9910333382096,30.803880697325248,0.025008090180689727
BAT_002_Rapid_Degradation,59,87.9897335519463,28.33146294271152,0.023574577865244285
BAT_002_Rapid_Degradation,60,87.59714231643916,31.24898334525667,0.024627537866101577
BAT_002_Rapid_Degradation,61,87.32787481523042,32.34731179320352,0.025119910304280537
BAT_002_Rapid_Degradation,62,87.09861836111138,28.57587897768376,0.02548393213139464
BAT_002_Rapid_Degradation,63,86.77586584999588,29.106266195305402,0.02505761534723911
BAT_002_Rapid_Degradation,64,87.06376949827022,29.884030940897013,0.024760447459444772
BAT_002_Rapid_Degradation,65,86.59305906393648,30.044569679810195,0.02446086530308811
BAT_002_Rapid_Degradation,66,86.30055784759872,31.24570812535812,0.025578846590161682
BAT_002_Rapid_Degradation,67,85.97426094893144,31.447723435818187,0.026014582049609596
BAT_002_Rapid_Degradation,68,86.0054621977601,31.042147185913944,0.025346709150663817
BAT_002_Rapid_Degradation,69,86.31409440907963,28.726650339766394,0.025607759284106663
BAT_002_Rapid_Degradation,70,85.23542350073183,30.999764950322113,0.02557402711430632
BAT_002_Rapid_Degradation,71,85.4912466762412,29.00085024945622,0.026032757210751982
BAT_002_Rapid_Degradation,72,84.73516742389529,29.931005603163623,0.02645546056806663
BAT_002_Rapid_Degradation,73,85.40840755668559,31.031937593254572,0.025127375032744283
BAT_002_Rapid_Degradation,74,85.72319884147711,29.969840283102275,0.026949058343651487
BAT_002_Rapid_Degradation,75,84.77560482842001,30.995248762890483,0.025396752747216745
BAT_002_Rapid_Degradation,76,84.68990978573412,31.44274534143242,0.026475666100227016
BAT_002_Rapid_Degradation,77,84.6692245732733,29.712809290745,0.026627820722033728
BAT_002_Rapid_Degradation,78,84.31462707200224,30.09055239551133,0.025903784089759997
BAT_002_Rapid_Degradation,79,84.26974677403656,31.712819023695367,0.02689221402423614
BAT_002_Rapid_Degradation,80,83.37043882751213,31.116873941378145,0.02667054760235333
BAT_002_Rapid_Degradation,81,83.9136658734052,30.588466539099162,0.02683167993047817
BAT_002_Rapid_Degradation,82,84.02533607769907,32.137849002850295,0.027377113490969142
BAT_002_Rapid_Degradation,83,83.95360008627338,32.182588725039516,0.02705233123779897
BAT_002_Rapid_Degradation,84,82.7769891954353,30.05611276794281,0.027277327392111837
BAT_002_Rapid_Degradation,85,82.89744759234388,32.50346773213085,0.027408870491652235
BAT_002_Rapid_Degradation,86,83.23705358143184,32.04900207355917,0.02730054564477302
BAT_002_Rapid_Degradation,87,82.14534845404769,31.255847410129476,0.02796403139025391
BAT_002_Rapid_Degradation,88,82.3413207098635,32.95556362166586,0.028419699489521208
BAT_002_Rapid_Degradation,89,81.92343488595367,29.989196106565906,0.028371002678591908
BAT_002_Rapid_Degradation,90,81.7953728473688,31.086753782636944,0.02722041917447266
BAT_002_Rapid_Degradation,91,81.81686358396644,29.596843705093598,0.028547586767486623
BAT_002_Rapid_Degradation,92,81.97537234184331,32.54538581998687,0.027684127251492
BAT_002_Rapid_Degradation,93,81.67719510028842,32.91740030244821,0.02842794408838823
BAT_002_Rapid_Degradation,94,81.04812828987946,31.79441977957539,0.028165430630982796
BAT_002_Rapid_Degradation,95,81.63191826721726,30.864092279468455,0.028542496638193155
BAT_002_Rapid_Degradation,96,80.38901531913353,31.758562228655823,0.028124079544234657
BAT_002_Rapid_Degradation,97,80.81189179850196,32.54690162567883,0.02852977287154577
BAT_002_Rapid_Degradation,98,81.03485605051846,34.01006642907127,0.02814169568655188
BAT_002_Rapid_Degradation,99,80.27847708909833,32.315084372209576,0.029612858910453902
BAT_002_Rapid_Degradation,100,80.44895155098382,29.93476884037086,0.028892237524570385
BAT_002_Rapid_Degradation,101,80.75465078119079,30.04260379833178,0.02939054573990113
BAT_002_Rapid_Degradation,102,80.53972325709957,32.50254760918676,0.02892153871082144
BAT_002_Rapid_Degradation,103,79.78289198697209,29.94946622274381,0.02950761500632724
BAT_002_Rapid_Degradation,104,79.5856172543531,30.63341190448226,0.029362875368067635
BAT_002_Rapid_Degradation,105,79.72773133708628,31.52566512766497,0.029539850575414472
BAT_002_Rapid_Degradation,106,78.9519042781521,31.915146863424468,0.030050141098537105
BAT_002_Rapid_Degradation,107,79.10144431260305,32.77966292855999,0.02997123722518038
BAT_002_Rapid_Degradation,108,78.69529294117206,31.643484007389986,0.030632486912660437
BAT_002_Rapid_Degradation,109,78.40249335182969,31.461013958367968,0.02909332496160161
BAT_002_Rapid_Degradation,110,78.10060921653303,32.59440809346141,0.02970187043333033
BAT_002_Rapid_Degradation,111,78.00674361491032,33.39469798987983,0.029810576285870107
BAT_002_Rapid_Degradation,112,77.54359576155377,34.50824890584488,0.03095165498521709
BAT_002_Rapid_Degradation,113,78.72138809768731,31.531555263402907,0.030309409619304735
BAT_002_Rapid_Degradation,114,77.9631273777315,33.83275089489947,0.031195886703523194
BAT_002_Rapid_Degradation,115,78.09175719750014,32.92250025911928,0.03123695217907553
BAT_002_Rapid_Degradation,116,76.95398420921721,33.30374376571545,0.030086940969945592
BAT_002_Rapid_Degradation,117,77.367094661889,31.21241224037727,0.03060956461584049
BAT_002_Rapid_Degradation,118,77.4539831910314,33.65950217287144,0.030615157327971994
BAT_002_Rapid_Degradation,119,76.9103504505966,33.86875940056765,0.031236744452686368
BAT_002_Rapid_Degradation,120,76.89660918141547,34.992595812817136,0.030918418184512155
BAT_002_Rapid_Degradation,121,76.66027134593193,34.68424816396713,0.031141725041529292
BAT_002_Rapid_Degradation,122,76.3329910280293,34.24492398456555,0.031059971831076446
BAT_002_Rapid_Degradation,123,76.42789792941915,35.71610838173356,0.03213790023695059
BAT_002_Rapid_Degradation,124,76.20536316678782,34.37106172507305,0.03229433290208204
BAT_002_Rapid_Degradation,125,76.2042698776865,32.623875698729364,0.03220109312425706
BAT_002_Rapid_Degradation,126,75.55468911137284,32.96260199930076,0.03126679405028287
BAT_002_Rapid_Degradation,127,75.6133747443093,31.90191357662991,0.03228356030146824
BAT_002_Rapid_Degradation,128,75.76762770942173,32.76196737882588,0.03177135879662033
BAT_002_Rapid_Degradation,129,75.24318533613851,31.475075127868145,0.03252921848033511
BAT_002_Rapid_Degradation,130,75.10861601099103,32.89809092940899,0.03241341826366036
BAT_002_Rapid_Degradation,131,75.88136369694043,32.35676625709967,0.032147449462551735
BAT_002_Rapid_Degradation,132,74.62329757846284,34.9798364879983,0.032704418712033945
BAT_002_Rapid_Degradation,133,75.04272206237778,32.9546421390594,0.0330935683379457
BAT_002_Rapid_Degradation,134,74.19300310525885,32.541361532957445,0.032772333882888714
BAT_002_Rapid_Degradation,135,74.2788619488827,35.73840904989218,0.032515937568196776
BAT_002_Rapid_Degradation,136,74.16976558387053,33.48842772899509,0.03280990024121114
BAT_002_Rapid_Degradation,137,74.56647324790349,32.174207335584875,0.03350175157844828
BAT_002_Rapid_Degradation,138,73.69939110825372,34.673117449019806,0.03381527781778399
BAT_002_Rapid_Degradation,139,73.21065140651584,34.77465835772406,0.03392151114741506
BAT_002_Rapid_Degradation,140,73.11863058273417,36.38832993253155,0.033381896743123474
BAT_002_Rapid_Degradation,141,73.30077017841866,34.411178389894005,0.03323125364510411
BAT_002_Rapid_Degradation,142,73.34189493422531,34.22609991378975,0.034040393134595066
BAT_002_Rapid_Degradation,143,72.88875713926943,34.70938190561611,0.03383964478249089
BAT_002_Rapid_Degradation,144,72.42913529505488,37.62141124360731,0.03364647492798176
BAT_002_Rapid_Degradation,145,73.15199791946556,33.278289919534835,0.034010203126279226
BAT_002_Rapid_Degradation,146,72.2765302786176,33.79499862141627,0.03456561110898434
BAT_002_Rapid_Degradation,147,72.3488182367891,35.791507884933836,0.03445403241906294
BAT_002_Rapid_Degradation,148,72.35353809467681,36.54233030691813,0.03460968905888339
BAT_002_Rapid_Degradation,149,72.20549646166552,33.43209198043305,0.03420521382676783
BAT_002_Rapid_Degradation,150,71.88541802512637,35.48927166193953,0.03450341993300052
BAT_002_Rapid_Degradation,151,71.30943195868137,34.30123392941827,0.034790550612226884
BAT_002_Rapid_Degradation,152,72.13081154777323,37.70120267950051,0.03490293314548759
BAT_002_Rapid_Degradation,153,71.25453831302893,36.087712742495526,0.034574865338627206
BAT_002_Rapid_Degradation,154,71.3886437367237,35.62535648952677,0.03497765004734308
BAT_002_Rapid_Degradation,155,71.33642490109592,34.03335929298923,0.035089787014781645
BAT_002_Rapid_Degradation,156,70.50724682742785,35.60054086366319,0.03527602530938588
BAT_002_Rapid_Degradation,157,70.64481591969451,33.657423029369824,0.03506705631001319
BAT_002_Rapid_Degradation,158,71.07602234596179,37.93292893190469,0.03549511052868415
BAT_002_Rapid_Degradation,159,70.26721741399814,35.1866134594563,0.03510817526933422
BAT_002_Rapid_Degradation,160,70.48965198251061,36.19935393441979,0.03651852871621602
BAT_002_Rapid_Degradation,161,69.96314124814661,39.1079672562021,0.03649939461135089
BAT_002_Rapid_Degradation,162,70.48557810327452,36.37570635988406,0.035628581922257554
BAT_002_Rapid_Degradation,163,70.24778539658573,35.979064146289176,0.03579470221057144
BAT_002_Rapid_Degradation,164,70.41991768121905,35.73490900736269,0.03610358990411665
BAT_002_Rapid_Degradation,165,68.9801731080609,37.42216945548444,0.035962498345822734
BAT_002_Rapid_Degradation,166,69.42267923052403,37.17307789330133,0.036202175596109915
BAT_002_Rapid_Degradation,167,69.10859341659734,36.92243608594705,0.036053457634934116
BAT_002_Rapid_Degradation,168,69.0909339277455,38.3699921449738,0.03603417805652681
BAT_002_Rapid_Degradation,169,68.50348181754126,38.965143689208226,0.036201118882231306
BAT_002_Rapid_Degradation,170,68.80655612521656,35.82437338133978,0.03697955739201284
BAT_002_Rapid_Degradation,171,68.9103283890145,37.48974955723734,0.03627974243418849
BAT_002_Rapid_Degradation,172,68.51174932418938,37.38673075276846,0.03711569997405262
BAT_002_Rapid_Degradation,173,68.14304603739674,39.42447117532702,0.03720972531516947
BAT_002_Rapid_Degradation,174,68.84015438977481,35.99511786733161,0.036712389951739886
BAT_002_Rapid_Degradation,175,68.28829687858773,36.119697786204085,0.03758675012953453
BAT_002_Rapid_Degradation,176,67.78043838669818,39.84001887632967,0.037524609083233226
BAT_002_Rapid_Degradation,177,68.5381319596897,35.62972873264316,0.03730929157318984
BAT_002_Rapid_Degradation,178,67.5001976124305,38.157058009251095,0.037647806039837514
BAT_002_Rapid_Degradation,179,66.98149014247801,36.62893677822321,0.03779174649064754
BAT_002_Rapid_Degradation,180,67.28270474619768,37.41996903921519,0.03758383966256621
BAT_002_Rapid_Degradation,181,67.01768937235124,38.20621713891619,0.037962790452542756
BAT_002_Rapid_Degradation,182,67.05954973430504,38.122782037520956,0.03853372322520696
BAT_002_Rapid_Degradation,183,66.27006985135976,37.635813453039255,0.03788653525755478
BAT_002_Rapid_Degradation,184,67.11341171538373,37.50827864792508,0.0388349982035005
BAT_002_Rapid_Degradation,185,66.63684789897493,37.136429363108185,0.03817180903298491
BAT_002_Rapid_Degradation,186,66.64125426277145,39.3614026898534,0.03898896049551634
BAT_002_Rapid_Degradation,187,66.26131590285769,38.84387781073346,0.039646385194892504
BAT_002_Rapid_Degradation,188,66.4547531074271,37.9062859038508,0.03896910464889453
BAT_002_Rapid_Degradation,189,66.24697543204029,39.76344018471199,0.0385494106772866
BAT_002_Rapid_Degradation,190,65.85869700785402,38.81951187815265,0.038357779249460384
BAT_002_Rapid_Degradation,191,65.71654029614682,37.42142366860793,0.03921728472010814
BAT_002_Rapid_Degradation,192,65.47866972779107,36.986597336493965,0.03925747043923104
BAT_002_Rapid_Degradation,193,65.05668044181019,38.71677708179172,0.039385539630924005
BAT_002_Rapid_Degradation,194,65.52348218281084,37.65702296920398,0.03913178829899726
BAT_002_Rapid_Degradation,195,64.61842235318498,40.27013905870596,0.03957105815681553
BAT_002_Rapid_Degradation,196,65.55557187167732,38.996106561180305,0.039935273878847134
BAT_002_Rapid_Degradation,197,64.82179792775263,37.510155476165004,0.03964911807708652
BAT_002_Rapid_Degradation,198,64.11583246818032,37.78006436677902,0.0394092857403505
BAT_002_Rapid_Degradation,199,64.3664364203744,38.65842271518185,0.03989341140312615
BAT_002_Rapid_Degradation,200,63.97652602568812,39.95204248574173,0.03996582047206624
BAT_002_Rapid_Degradation,201,64.44796806826942,38.233349167379146,0.03937039758938663
BAT_002_Rapid_Degradation,202,64.67413560670686,41.3632122263804,0.04113059497231136
BAT_002_Rapid_Degradation,203,64.77427439930598,38.9950977054962,0.040578568820961336
BAT_002_Rapid_Degradation,204,64.29318414338466,39.39402280598586,0.04037333012579369
BAT_002_Rapid_Degradation,205,64.01521009893801,38.121727735457874,0.04032068272497951
BAT_002_Rapid_Degradation,206,63.310824849194645,38.65494618193523,0.04043954927345935
BAT_002_Rapid_Degradation,207,63.17554993276125,37.994619299988656,0.04083641798040747
BAT_002_Rapid_Degradation,208,62.91528869639159,40.51475989370811,0.040922810644952415
BAT_002_Rapid_Degradation,209,62.603377363459956,40.50461300010621,0.04076649304176673
BAT_002_Rapid_Degradation,210,62.768610263712986,38.19533922334761,0.04078923075094983
BAT_002_Rapid_Degradation,211,62.99219247384484,40.48935587895068,0.04135490731209504
BAT_002_Rapid_Degradation,212,62.42213609876391,40.261651892263224,0.040726895696433785
BAT_002_Rapid_Degradation,213,62.626922765325205,41.50244208551021,0.04106846473850997
BAT_002_Rapid_Degradation,214,62.5641774144786,40.59683434332861,0.04149579537064903
BAT_002_Rapid_Degradation,215,62.54619991140099,41.77271240901465,0.04200692610409894
BAT_002_Rapid_Degradation,216,61.85925909562064,40.731674757653664,0.042181069359144195
BAT_002_Rapid_Degradation,217,62.6123539390522,39.096534360684075,0.04231753139241464
BAT_002_Rapid_Degradation,218,62.20182575903479,38.53180316059745,0.04200670733459415
BAT_002_Rapid_Degradation,219,61.56689674980891,40.56813800282,0.04198034033887606
BAT_002_Rapid_Degradation,220,61.27849432327202,42.21344038960331,0.042744480050678976
BAT_002_Rapid_Degradation,221,61.65077775709228,37.30215706341737,0.042238368920714246
BAT_002_Rapid_Degradation,222,61.43732979568588,40.155440360309974,0.04226673661495505
BAT_002_Rapid_Degradation,223,61.25447838544733,38.60458402453181,0.04215503525316061
BAT_002_Rapid_Degradation,224,60.80193516602587,42.681688647279465,0.04218370760979547
BAT_002_Rapid_Degradation,225,61.20070695040522,40.85702425294545,0.04228044332440248
BAT_002_Rapid_Degradation,226,60.770936108578695,39.074112436588635,0.042338827802400746
BAT_002_Rapid_Degradation,227,60.22145593311506,40.64019518129379,0.041981203683249715
BAT_002_Rapid_Degradation,228,60.575491416001654,40.23951112702838,0.04403044072948989
BAT_002_Rapid_Degradation,229,59.79179947067623,41.88209558369876,0.04280539056681631
BAT_002_Rapid_Degradation,230,60.11530460502329,40.75867335228252,0.04318134222221688
BAT_002_Rapid_Degradation,231,60.653711541530946,38.84651270540901,0.043197413581912654
BAT_002_Rapid_Degradation,232,59.60346127050665,42.529959091610834,0.043623865146381856
BAT_002_Rapid_Degradation,233,59.94597733789584,41.472893151433325,0.04431130074571954
BAT_002_Rapid_Degradation,234,59.35797952377896,41.09228213525774,0.04409064713359978
BAT_002_Rapid_Degradation,235,59.80181983171169,42.35818275915514,0.0440332683147847
BAT_002_Rapid_Degradation,236,59.21481050010485,44.251149859749376,0.04400298834929369
BAT_002_Rapid_Degradation,237,59.69210310936247,39.83360959303789,0.04436184379507567
BAT_002_Rapid_Degradation,238,58.856107122314306,40.01706173983088,0.04361273405404886
BAT_002_Rapid_Degradation,239,59.37763357773019,40.93862064177206,0.04385943874072788
BAT_002_Rapid_Degradation,240,58.59879530829813,41.40848298599248,0.04489591876175522
BAT_002_Rapid_Degradation,241,59.04500057393289,40.96371958881722,0.04445188170822134
BAT_002_Rapid_Degradation,242,59.34865016402919,41.96094791405477,0.04467455217531375
BAT_002_Rapid_Degradation,243,58.71106046882788,40.83267135631161,0.044665450958270285
BAT_002_Rapid_Degradation,244,58.3847926631241,40.784355681456006,0.04542456877875118
BAT_002_Rapid_Degradation,245,58.37939905925126,41.72215707979874,0.04475743795408533
BAT_002_Rapid_Degradation,246,58.01659627375109,42.360996177134375,0.045102647659989295
BAT_002_Rapid_Degradation,247,57.640860708026835,40.65697225275023,0.045191676675724095
BAT_002_Rapid_Degradation,248,57.705154359386675,42.924636093197684,0.04485687192314547
BAT_002_Rapid_Degradation,249,58.12573762672719,43.70366830812412,0.045135497885967935
BAT_002_Rapid_Degradation,250,57.46159255188705,43.559071948144236,0.04543652545566809
BAT_003_High_Performance,1,100.0,26.32022684148479,0.011931420820626143
BAT_003_High_Performance,2,100.0,23.6329645575373,0.011640190932550863
BAT_003_High_Performance,3,99.91976175606958,23.49050243787706,0.011078040459190764
BAT_003_High_Performance,4,100.0,27.182743368770794,0.011359972239995174
BAT_003_High_Performance,5,99.69033651261888,24.54793930767805,0.010837004433206746
BAT_003_High_Performance,6,100.0,23.546732551897037,0.012110310198522935
BAT_003_High_Performance,7,99.42758067218894,25.012954211270966,0.012543283377501149
BAT_003_High_Performance,8,99.30330395275473,25.269027112138637,0.012532903082378323
BAT_003_High_Performance,9,99.48865747067916,25.562620202669095,0.013131047511411571
BAT_003_High_Performance,10,99.08805736779836,24.320967329692596,0.011958820214093864
BAT_003_High_Performance,11,98.98541936626663,25.955283090226654,0.012814175474956568
BAT_003_High_Performance,12,99.74504884622606,25.33482527697553,0.012448504040090784
BAT_003_High_Performance,13,99.57367319065006,24.955679187625698,0.01226807672435634
BAT_003_High_Performance,14,98.90517939509648,25.250388880579937,0.011758416174247777
BAT_003_High_Performance,15,99.11195196281226,25.496581256506254,0.012661050309940918
BAT_003_High_Performance,16,99.72197113730876,24.356214931654172,0.011777313973045128
BAT_003_High_Performance,17,99.33903332384035,25.449500118198568,0.012198878215294006
BAT_003_High_Performance,18,99.68958033947176,25.634363783824796,0.012325650307427882
BAT_003_High_Performance,19,98.66854022979452,24.893943994937786,0.012146941039705659
BAT_003_High_Performance,20,99.15175636831405,26.320121940441602,0.012617051496476824
BAT_003_High_Performance,21,98.96636681897277,26.14193509573752,0.012383900042246323
BAT_003_High_Performance,22,99.24462673891496,25.98282083359197,0.01222683323401631
BAT_003_High_Performance,23,98.9946000913304,26.223624914706203,0.012675834604441057
BAT_003_High_Performance,24,98.57242180939653,24.386180491144533,0.012918168500438382
BAT_003_High_Performance,25,98.60883573003143,27.10952640790017,0.012519015632374508
BAT_003_High_Performance,26,98.9744133798368,25.067799182631763,0.012438022844110386
BAT_003_High_Performance,27,98.87892364618368,24.163973969480452,0.01271904305898347
BAT_003_High_Performance,28,98.8338693681519,24.905336692204575,0.012585664105199375
BAT_003_High_Performance,29,98.53774079700798,26.94441914126663,0.012633439638609804
BAT_003_High_Performance,30,98.25803710799792,25.10889705552784,0.012293036629010061
BAT_003_High_Performance,31,98.52467214851181,24.076718317143587,0.013211009416668572
BAT_003_High_Performance,32,98.88737374005636,24.269549320529862,0.012388562209621545
BAT_003_High_Performance,33,98.95179270920849,24.352596165231194,0.012426774463972882
BAT_003_High_Performance,34,98.17408708437515,27.430732946993242,0.012684756728429093
BAT_003_High_Performance,35,97.57288884957077,25.59216102775956,0.012587962894167304
BAT_003_High_Performance,36,98.23340836635248,26.07023485170156,0.01253603575647346
BAT_003_High_Performance,37,97.97516660958416,26.709005908376227,0.012904391730989423
BAT_003_High_Performance,38,97.74887932049228,24.97201477456541,0.01306732127953709
BAT_003_High_Performance,39,98.05033199843164,26.930238632488862,0.013214966233398882
BAT_003_High_Performance,40,97.87193491398341,25.85627483975905,0.012788366961036482
BAT_003_High_Performance,41,98.01383370535572,25.33039458696257,0.012774759800664979
BAT_003_High_Performance,42,97.60788511628493,25.659805532659643,0.012509721960833057
BAT_003_High_Performance,43,97.92061064051778,25.153759304529896,0.0130947752226833
BAT_003_High_Performance,44,98.15748534936304,24.756631883938972,0.013011329318307058
BAT_003_High_Performance,45,98.07300266692265,24.173788411062887,0.013409794182472514
BAT_003_High_Performance,46,97.82296456957162,25.46318531924614,0.013349950551649902
BAT_003_High_Performance,47,97.48838420738646,26.50225111792833,0.013500523762813722
BAT_003_High_Performance,48,97.3412900945074,26.141917276112874,0.01305725584286917
BAT_003_High_Performance,49,97.9201155402675,27.15049953864173,0.013265239761726036
BAT_003_High_Performance,50,97.42781494945685,27.948410007123357,0.012801358889000579
BAT_003_High_Performance,51,97.7051760387602,24.888123395636068,0.013473679761557007
BAT_003_High_Performance,52,97.29901075442733,26.295451982910905,0.013148756132329282
BAT_003_High_Performance,53,97.30377793967332,24.08500350877637,0.013633040242995302
BAT_003_High_Performance,54,97.13947252718147,26.434146327535608,0.013958234264325338
BAT_003_High_Performance,55,97.55519377005938,25.696087265478884,0.01284324707287829
BAT_003_High_Performance,56,96.75814257884062,28.61516530831931,0.013238472565758743
BAT_003_High_Performance,57,97.27876586460548,27.383273005071878,0.012706411521364131
BAT_003_High_Performance,58,97.1250884871423,25.59620549757508,0.013000284073290472
BAT_003_High_Performance,59,97.41728426098761,25.262132306720726,0.013743793451790567
BAT_003_High_Performance,60,96.91168266303349,25.08703635938787,0.012993812176279672
BAT_003_High_Performance,61,96.9823467311895,28.626628124555122,0.013396336503373263
BAT_003_High_Performance,62,97.54463786267144,25.919438560252335,0.012978882005779839
BAT_003_High_Performance,63,96.83781969609169,27.89458883847314,0.013704134159005205
BAT_003_High_Performance,64,96.63174118250166,27.88671603315842,0.013195410533263938
BAT_003_High_Performance,65,96.94072720715906,26.20825186595734,0.013628436392630365
BAT_003_High_Performance,66,96.90934881118889,24.72623938528218,0.013258717890210827
BAT_003_High_Performance,67,96.5755306821533,25.774559136051973,0.013404326684793267
BAT_003_High_Performance,68,96.3421082704846,25.420119887531477,0.014238895777079378
BAT_003_High_Performance,69,96.59019305018148,28.364011134344146,0.01351760671439766
BAT_003_High_Performance,70,96.88665430516981,24.876869589721892,0.014288765237147808
BAT_003_High_Performance,71,96.63074675385904,25.185637527775654,0.01373479830437149
BAT_003_High_Performance,72,96.19760934258098,25.832237254700676,0.013332901881268306
BAT_003_High_Performance,73,96.63123108302717,24.412403921089048,0.014434244785901997
BAT_003_High_Performance,74,96.19422634192692,27.755535587650126,0.012840690392802095
BAT_003_High_Performance,75,96.04227211808075,28.643688139521,0.013236244860529997
BAT_003_High_Performance,76,96.71098189939411,25.600080565653418,0.014003344258016444
BAT_003_High_Performance,77,96.21473053058732,28.042825924306587,0.013505552016532222
BAT_003_High_Performance,78,95.62068738604462,27.560045439047148,0.01418073360852039
BAT_003_High_Performance,79,96.31821054249407,25.038815162323417,0.013777910787042977
BAT_003_High_Performance,80,95.54595425497484,27.492657546675222,0.014036737492311045
BAT_003_High_Performance,81,95.79906370029352,25.22544566056954,0.013470948465547814
BAT_003_High_Performance,82,95.61309951380093,26.379130018344203,0.013471797662704533
BAT_003_High_Performance,83,96.4890544807279,26.447479523235078,0.013789042358707603
BAT_003_High_Performance,84,95.62617602907858,26.119768185827432,0.01443616708594592
BAT_003_High_Performance,85,95.95253898435931,27.719341430671676,0.014676545410037612
BAT_003_High_Performance,86,96.0428422677316,24.69688737135241,0.014016833640037692
BAT_003_High_Performance,87,95.86123144491256,27.797326649228456,0.014397639579794133
BAT_003_High_Performance,88,95.61469243907254,25.26774115827424,0.014700345385092618
BAT_003_High_Performance,89,95.5963535207185,28.18053185691084,0.014738221766529388
BAT_003_High_Performance,90,95.74999256413749,28.79426984795394,0.013622895149613831
BAT_003_High_Performance,91,95.49337841607846,27.783007701167787,0.014811673988141393
BAT_003_High_Performance,92,95.88536708486943,24.65674943209827,0.014497345103797497
BAT_003_High_Performance,93,95.47401102143854,26.302660283769836,0.013556146525032634
BAT_003_High_Performance,94,94.76975784912894,27.897716934191795,0.014478147885949838
BAT_003_High_Performance,95,95.45143492582459,25.854498184325887,0.014734913582054492
BAT_003_High_Performance,96,95.32286171006591,25.342806526500457,0.01391995934492254
BAT_003_High_Performance,97,95.35032221770109,28.036006897305697,0.013992106148235406
BAT_003_High_Performance,98,95.67661150026869,27.348434046357443,0.014931906056328872
BAT_003_High_Performance,99,95.0006559264575,26.840977415982543,0.014325382515996058
BAT_003_High_Performance,100,95.212915782927,25.86300457555965,0.015290397429895814
BAT_003_High_Performance,101,94.6807980322446,25.05171961537595,0.013699333387854234
BAT_003_High_Performance,102,94.57406843625779,27.981765388641865,0.014204307723740869
BAT_003_High_Performance,103,94.86293920526452,26.127165801034536,0.015110148823719187
BAT_003_High_Performance,104,94.96389809262122,26.35426374475739,0.014315464475783217
BAT_003_High_Performance,105,95.12742869449619,25.52804594700935,0.014135160070731312
BAT_003_High_Performance,106,95.07412905655968,27.973485994646726,0.014858360772676212
BAT_003_High_Performance,107,94.74054378136216,26.695726003238953,0.014680696619693897
BAT_003_High_Performance,108,95.16327117248187,26.87279277411816,0.015040025856764764
BAT_003_High_Performance,109,94.51432841178826,27.142896594318074,0.013862533382483729
BAT_003_High_Performance,110,94.7753536197118,27.104026512427538,0.014927610845191848
BAT_003_High_Performance,111,94.52762107157271,27.50688529635358,0.014429799599113953
BAT_003_High_Performance,112,94.5066434116081,28.521983260743863,0.014794567685770948
BAT_003_High_Performance,113,94.37928772324861,27.25234447531075,0.014307928960037021
BAT_003_High_Performance,114,94.91381167686777,28.227682517563704,0.014704710777718054
BAT_003_High_Performance,115,93.76189928167598,28.023817865989418,0.01460080740570373
BAT_003_High_Performance,116,93.91577924219887,27.40529038830845,0.014995985095329224
BAT_003_High_Performance,117,94.29038530050953,27.950694403461117,0.014496699050726793
BAT_003_High_Performance,118,94.10211389738792,28.51973753675916,0.015613696215501526
BAT_003_High_Performance,119,94.3402457774704,29.30319760369519,0.015150644658728011
BAT_003_High_Performance,120,93.9519660226268,27.17127493472017,0.014822273400492718
BAT_003_High_Performance,121,94.21499684552825,28.532829619350743,0.014813266118914604
BAT_003_High_Performance,122,93.81940484114615,26.8822513370238,0.015500614750978005
BAT_003_High_Performance,123,93.45655250521708,25.58631691985994,0.014539428934656482
BAT_003_High_Performance,124,94.43833019465661,26.715137636395973,0.01422591682483868
BAT_003_High_Performance,125,93.94484813338273,28.072358214188025,0.014678658336443409
BAT_003_High_Performance,126,93.22144466199069,25.73141444395139,0.014920554237169474
BAT_003_High_Performance,127,93.41572490119262,27.185794404809236,0.015181762888623733
BAT_003_High_Performance,128,93.31587263486988,27.146216578288623,0.015164284304491444
BAT_003_High_Performance,129,93.45751445555192,27.89978284853468,0.014796094692928361
BAT_003_High_Performance,130,93.77245788202889,26.349754704904278,0.014894698823338902
BAT_003_High_Performance,131,93.36573468387692,25.755140393729587,0.015200156344395699
BAT_003_High_Performance,132,93.45035568842563,27.61218430333859,0.015574220345186284
BAT_003_High_Performance,133,93.52046277557758,26.16193058242169,0.01514462044826311
BAT_003_High_Performance,134,92.98280362955869,26.02491783386159,0.015861922314297245
BAT_003_High_Performance,135,93.38671553057165,28.930128469434656,0.015389461284093818
BAT_003_High_Performance,136,93.59179045817423,27.824706370388895,0.015720503470855515
BAT_003_High_Performance,137,93.55948919942134,28.576351566807944,0.015178742167465538
BAT_003_High_Performance,138,93.14756953044957,28.39058967424713,0.015042505503219448
BAT_003_High_Performance,139,93.37026165925245,27.692223575726345,0.015207472807390876
BAT_003_High_Performance,140,93.33298940293378,27.46584828050279,0.015561857227288511
BAT_003_High_Performance,141,93.42360303645295,28.770069618875592,0.015444774145238678
BAT_003_High_Performance,142,92.86800893463719,28.30257879954006,0.01555807695160216
BAT_003_High_Performance,143,93.09461532028828,28.574496309274426,0.015049402713442033
BAT_003_High_Performance,144,93.05594886255089,27.24867238093373,0.015603641016368568
BAT_003_High_Performance,145,92.65445560367874,26.31295566842957,0.015317705103452038
BAT_003_High_Performance,146,92.83760308200095,28.536016691718913,0.015181387710435205
BAT_003_High_Performance,147,93.16941749126416,28.76057515667654,0.01649702710264602
BAT_003_High_Performance,148,92.94560215817499,26.668531137982228,0.015085725734265629
BAT_003_High_Performance,149,93.11377861723616,29.311205281141135,0.015583135316603108
BAT_003_High_Performance,150,92.86631111393352,27.941968370050436,0.016256072762523936
BAT_003_High_Performance,151,92.65701390576423,26.274612724773185,0.0155244851037823
BAT_003_High_Performance,152,92.76106263464433,23.959815168823518,0.01579451163931852
BAT_003_High_Performance,153,92.53120492412681,27.80642167021662,0.01643708627448099
BAT_003_High_Performance,154,92.79235857794714,29.301321182884035,0.016017147085762053
BAT_003_High_Performance,155,92.29693703696987,28.035127106931345,0.015806161109245563
BAT_003_High_Performance,156,92.81914293989797,30.094806159917066,0.015131200993843375
BAT_003_High_Performance,157,92.68135399530976,28.650923525158067,0.016680449627813874
BAT_003_High_Performance,158,92.58371559522979,28.53213348771377,0.016196437700372344
BAT_003_High_Performance,159,92.39398755056591,27.286058862227,0.014662920211621607
BAT_003_High_Performance,160,92.19213217423385,27.529659298878933,0.015811192561894
BAT_003_High_Performance,161,92.26979485793753,28.813937490634505,0.015383941735149578
BAT_003_High_Performance,162,92.3881384362814,29.439490033597938,0.016666288950507428
BAT_003_High_Performance,163,92.29413086561267,28.073651637741186,0.015842915375093667
BAT_003_High_Performance,164,92.71044917256397,28.60978252492406,0.016209675516884823
BAT_003_High_Performance,165,92.16628074142395,28.247475245329547,0.015661999802769236
BAT_003_High_Performance,166,91.95412950115883,28.409094526002626,0.016490848946139954
BAT_003_High_Performance,167,92.16537757248818,27.440792912313615,0.015753942567069683
BAT_003_High_Performance,168,92.02596328291276,28.614665792335526,0.016491828010219478
BAT_003_High_Performance,169,91.34621891965111,27.866709072783113,0.016815017900588848
BAT_003_High_Performance,170,91.96621610186479,30.269198087979547,0.01549985550485857
BAT_003_High_Performance,171,91.15123967207947,31.049249974113174,0.01665337971537618
BAT_003_High_Performance,172,91.49974401292327,29.438015741092332,0.016763447935836187
BAT_003_High_Performance,173,91.20401681555091,26.635858753878193,0.016504031204504166
BAT_003_High_Performance,174,91.87102124826202,29.43425495417076,0.016198696898795023
BAT_003_High_Performance,175,91.36613090383962,29.27851420275501,0.016771821191684015
BAT_003_High_Performance,176,91.43007882205147,31.90427599820221,0.0160866453466096
BAT_003_High_Performance,177,91.56782088941387,28.573753366470225,0.016708285101946586
BAT_003_High_Performance,178,91.38716360106345,28.43552552961684,0.015960211718773275
BAT_003_High_Performance,179,91.412665501581,28.97125378479853,0.016301026876080305
BAT_003_High_Performance,180,91.30213289772422,29.640226946205143,0.016278731480203614
BAT_003_High_Performance,181,91.25377282785036,28.03871511038412,0.016385526257684066
BAT_003_High_Performance,182,91.72509010769193,29.380249667156253,0.01631620768567468
BAT_003_High_Performance,183,91.3351184890565,29.211118614204,0.016622539549839825
BAT_003_High_Performance,184,91.15647457906157,27.0338483089664,0.01722788959439372
BAT_003_High_Performance,185,91.4093787355773,27.17243919212466,0.01791329515350742
BAT_003_High_Performance,186,91.17210275463718,29.497907771669873,0.01678801843100524
BAT_003_High_Performance,187,90.85192902695769,29.902968836032787,0.016603248166178107
BAT_003_High_Performance,188,91.0468886775888,27.76579056057775,0.016944809875521202
BAT_003_High_Performance,189,91.19884749983915,28.8024506074776,0.016895169229839184
BAT_003_High_Performance,190,90.63993432617733,32.22179749334944,0.016884845832543238
BAT_003_High_Performance,191,90.46974757749986,27.656893449240858,0.01653514398248867
BAT_003_High_Performance,192,91.01674465487477,28.808628091156834,0.01695454714006179
BAT_003_High_Performance,193,90.96345601720695,30.055514406044963,0.016971516067987958
BAT_003_High_Performance,194,90.66946353023232,29.775290261943645,0.017432905829822765
BAT_003_High_Performance,195,90.80930618059044,30.13665779825157,0.016690504349827814
BAT_003_High_Performance,196,90.66638286922621,29.746957733897393,0.01675832137556771
BAT_003_High_Performance,197,91.07858714336098,26.84796728688984,0.01673669694558341
BAT_003_High_Performance,198,90.45498313943,29.861027781597027,0.016552271783811696
BAT_003_High_Performance,199,90.27957926684982,28.645671236992463,0.017179354432818632
BAT_003_High_Performance,200,90.51625572054579,30.36666953530786,0.017198536105397705
BAT_003_High_Performance,201,90.57770271530865,30.714846974105125,0.017830121000017584
BAT_003_High_Performance,202,90.32736483108185,28.81504047247196,0.016250230121410345
BAT_003_High_Performance,203,89.82564729335658,27.795760950818913,0.016949318093538068
BAT_003_High_Performance,204,90.34387309018774,30.98368357693427,0.017784859829152715
BAT_003_High_Performance,205,90.799405606246,29.533175843610415,0.016664436943828378
BAT_003_High_Performance,206,90.70078240425319,29.22725817061669,0.016521500478864463
BAT_003_High_Performance,207,90.23483692683446,29.51355228418975,0.017524679709093927
BAT_003_High_Performance,208,90.18709327627894,28.596578418152404,0.01715890133552164
BAT_003_High_Performance,209,89.98956181042465,29.688705749720558,0.017300243395123437
BAT_003_High_Performance,210,89.84521588987995,29.479763038150892,0.01713929920995883
BAT_003_High_Performance,211,90.08693930494556,26.99617443683916,0.01770416336890889
BAT_003_High_Performance,212,89.86112961800968,28.50113751992359,0.017390208003766554
BAT_003_High_Performance,213,89.78278778727656,30.18856758360959,0.017616946204052446
BAT_003_High_Performance,214,90.0564692147503,29.650545053004155,0.017050532786980835
BAT_003_High_Performance,215,89.60335204847968,30.474661648507364,0.01777743022687249
BAT_003_High_Performance,216,89.65872167178195,31.709854064729853,0.017331966344758216
BAT_003_High_Performance,217,89.52757197957781,29.521738657463874,0.017497141797605437
BAT_003_High_Performance,218,89.36790506643713,27.96992202772216,0.018353412960794978
BAT_003_High_Performance,219,89.54388828542861,30.690731755301893,0.017219907860647313
BAT_003_High_Performance,220,89.89511355065049,27.17618916393411,0.017862575426881938
BAT_003_High_Performance,221,89.27573156356208,30.212144200936624,0.01652549837190719
BAT_003_High_Performance,222,89.13426366449161,30.192615212508585,0.01730422266772247
BAT_003_High_Performance,223,89.34107750162032,31.004476637058893,0.017405299752603427
BAT_003_High_Performance,224,89.235494301764,28.81239847165699,0.01821769283762709
BAT_003_High_Performance,225,89.65893429242942,29.34009639182079,0.01793346956822384
BAT_003_High_Performance,226,89.13756699481183,31.84005727522599,0.017001992136444224
BAT_003_High_Performance,227,89.21370651711723,29.451526460615078,0.017085833912168485
BAT_003_High_Performance,228,88.63254841925573,32.9431892347739,0.01741995298729257
BAT_003_High_Performance,229,88.96816919295287,30.71168670598749,0.017828264537419165
BAT_003_High_Performance,230,89.64786694791609,28.63502667682368,0.01784246191382644
BAT_003_High_Performance,231,88.78412159786683,28.76870891675145,0.01746571798115655
BAT_003_High_Performance,232,89.17611138404034,29.59191531655197,0.017716070063975874
BAT_003_High_Performance,233,89.05739164859258,29.72784191740352,0.01767727151669231
BAT_003_High_Performance,234,89.2114246274636,30.491347106149952,0.018633292912666525
BAT_003_High_Performance,235,89.35869716431702,28.643427098446466,0.018214342653626415
BAT_003_High_Performance,236,89.07578643137019,29.783745233805725,0.017999500347273597
BAT_003_High_Performance,237,89.2620990631176,28.355807782956933,0.018537293308316917
BAT_003_High_Performance,238,88.89345332714133,28.59425882623925,0.01771134734548449
BAT_003_High_Performance,239,87.98701941777844,30.041417402392373,0.017628860288919194
BAT_003_High_Performance,240,89.03940038714983,31.373870392300887,0.018043809086397685
BAT_003_High_Performance,241,88.78255953428089,29.765695135206443,0.01791904747188029
BAT_003_High_Performance,242,88.95444168086162,28.816599447776788,0.017893704225484065
BAT_003_High_Performance,243,88.28313188831106,30.786886236683056,0.01859346078005133
BAT_003_High_Performance,244,88.84523568151201,29.056424266853973,0.01877290079647532
BAT_003_High_Performance,245,88.3730646087531,30.28936860568137,0.018135214044467496
BAT_003_High_Performance,246,87.83974996855117,30.120529007046304,0.01834919020065346
BAT_003_High_Performance,247,88.50295701273033,29.965767595019123,0.019359981684266645
BAT_003_High_Performance,248,87.71640020641472,30.77577756106381,0.018248195978517002
BAT_003_High_Performance,249,88.8374949411581,30.433424720036328,0.018372913516124023
BAT_003_High_Performance,250,88.63898512655027,32.92444398605263,0.01749798304616119
BAT_004_Thermal_Anomaly,1,100.0,25.250000325250905,0.015549102041602748
BAT_004_Thermal_Anomaly,2,100.0,25.990223900268983,0.016371084110270353
BAT_004_Thermal_Anomaly,3,99.65415071931957,27.254466778743325,0.016523406423983675
BAT_004_Thermal_Anomaly,4,99.24008823487615,26.514697601208674,0.015969094353440728
BAT_004_Thermal_Anomaly,5,99.25612415333545,26.34750163218901,0.015854328587884586
BAT_004_Thermal_Anomaly,6,99.1412089205976,25.44801961100587,0.016176988462313892
BAT_004_Thermal_Anomaly,7,99.14858408436353,26.086537162020964,0.017210569807718932
BAT_004_Thermal_Anomaly,8,99.2106751231238,24.931390831385656,0.016290090623057082
BAT_004_Thermal_Anomaly,9,98.79836064527768,26.223988018303057,0.01652655104358802
BAT_004_Thermal_Anomaly,10,98.29983294278003,28.057656562845178,0.016667301406810747
BAT_004_Thermal_Anomaly,11,98.09694175632481,27.397086477634172,0.01675899537445658
BAT_004_Thermal_Anomaly,12,98.29410647401275,25.203391278071297,0.01679637614927174
BAT_004_Thermal_Anomaly,13,97.30045492389266,25.147655775483088,0.017343035832255483
BAT_004_Thermal_Anomaly,14,97.47691577510635,28.531391919522203,0.017024491409333483
BAT_004_Thermal_Anomaly,15,97.76973244859828,26.550875475060455,0.017561386075833973
BAT_004_Thermal_Anomaly,16,97.69969281652455,27.980686591461147,0.016874626225595817
BAT_004_Thermal_Anomaly,17,97.64138345290976,29.320955513394825,0.01762925071659909
BAT_004_Thermal_Anomaly,18,97.17064522319866,28.667314545002878,0.017917154353180986
BAT_004_Thermal_Anomaly,19,97.13722347063583,29.066762221931054,0.01738566331283223
BAT_004_Thermal_Anomaly,20,97.03541586813772,24.27573157448897,0.017465276417141753
BAT_004_Thermal_Anomaly,21,96.82833202586532,27.911592764469397,0.017511325463998043
BAT_004_Thermal_Anomaly,22,96.87859320150723,29.346994551017165,0.01711851303972981
BAT_004_Thermal_Anomaly,23,96.43001749907788,28.12351747014874,0.01783866372716155
BAT_004_Thermal_Anomaly,24,97.10243745955214,29.47376957532576,0.017729465276639524
BAT_004_Thermal_Anomaly,25,96.31545791118647,27.158236039090834,0.01779618907176565
BAT_004_Thermal_Anomaly,26,96.09862426104291,31.286112050731575,0.018320338464813686
BAT_004_Thermal_Anomaly,27,95.79380206498402,27.44549823905257,0.01853353788117297
BAT_004_Thermal_Anomaly,28,95.67573119950966,29.047868631511367,0.018067956333266008
BAT_004_Thermal_Anomaly,29,95.79000309325498,28.43464893529796,0.017585279720902677
BAT_004_Thermal_Anomaly,30,95.73023487323745,28.087337365791665,0.018386298489391648
BAT_004_Thermal_Anomaly,31,95.37153125731048,28.45857682993926,0.017905947046672574
BAT_004_Thermal_Anomaly,32,95.36931152686142,28.868778118295875,0.018304367616500714
BAT_004_Thermal_Anomaly,33,94.83037395118666,27.229890157854364,0.0182932596530269
BAT_004_Thermal_Anomaly,34,94.95359414382062,28.61002359756297,0.01898874099337751
BAT_004_Thermal_Anomaly,35,95.00645645841543,27.841754942828047,0.018795531896814394
BAT_004_Thermal_Anomaly,36,94.2312445999887,30.08271644314467,0.018275064552963974
BAT_004_Thermal_Anomaly,37,95.3652420928048,28.26465721810409,0.018511332538909228
BAT_004_Thermal_Anomaly,38,94.4527163777601,31.233524767964163,0.018395795318074004
BAT_004_Thermal_Anomaly,39,94.25122776332776,31.274646275635344,0.01950269936105585
BAT_004_Thermal_Anomaly,40,94.46459482932963,26.546658971718593,0.01918408411191718
BAT_004_Thermal_Anomaly,41,94.2154736969042,30.529267271193113,0.018484852915302406
BAT_004_Thermal_Anomaly,42,93.51035744303127,29.45288963249041,0.018610285637112534
BAT_004_Thermal_Anomaly,43,94.08604207198883,30.62404873126795,0.018798262272565557
BAT_004_Thermal_Anomaly,44,93.52831817938632,30.79952063659648,0.019138571177028392
BAT_004_Thermal_Anomaly,45,93.45860383686521,31.68312027870288,0.018956977074391507
BAT_004_Thermal_Anomaly,46,93.25748428000303,26.601899076220057,0.020007929763237987
BAT_004_Thermal_Anomaly,47,93.43572543055878,31.131106641260796,0.019871295723490178
BAT_004_Thermal_Anomaly,48,93.21096981134478,32.241721465164005,0.019606216807990563
BAT_004_Thermal_Anomaly,49,92.73680290573799,30.75148701885688,0.019738544033407024
BAT_004_Thermal_Anomaly,50,92.98730945944291,30.27390897252033,0.01940194777460134
BAT_004_Thermal_Anomaly,51,92.31634808874973,30.158200001388217,0.019693896373235723
BAT_004_Thermal_Anomaly,52,92.660947244907,31.29261111690124,0.019565505490059493
BAT_004_Thermal_Anomaly,53,91.99243737877089,28.589336232959432,0.019849472460723237
BAT_004_Thermal_Anomaly,54,91.76975381706926,32.95044814331232,0.019484353706045114
BAT_004_Thermal_Anomaly,55,91.57603919112879,30.995507187859427,0.019957971394059977
BAT_004_Thermal_Anomaly,56,91.68844103689445,30.440812194692665,0.020383460426494297
BAT_004_Thermal_Anomaly,57,91.85306104998583,31.6119092595049,0.020300395207349938
BAT_004_Thermal_Anomaly,58,91.96220090965977,29.017526768450896,0.01954631249184236
BAT_004_Thermal_Anomaly,59,91.57032637209834,34.08772185907829,0.021168184639937568
BAT_004_Thermal_Anomaly,60,91.58806556554926,33.017936818998386,0.020648474396288623
BAT_004_Thermal_Anomaly,61,91.1353470431253,30.829652747984788,0.02050533009594249
BAT_004_Thermal_Anomaly,62,91.14879265689409,33.73194851522084,0.02062416947123986
BAT_004_Thermal_Anomaly,63,90.74611165892372,33.044167277037175,0.020525007728385416
BAT_004_Thermal_Anomaly,64,91.18155067504524,31.928476488687586,0.020427682934154288
BAT_004_Thermal_Anomaly,65,89.92413393717845,32.94855965384141,0.020260064146397323
BAT_004_Thermal_Anomaly,66,90.02769474865345,33.312397168898784,0.02168263026538025
BAT_004_Thermal_Anomaly,67,90.25841509394482,33.24219962647708,0.021227422767823665
BAT_004_Thermal_Anomaly,68,90.77505340857029,32.987517751155025,0.02074558981718463
BAT_004_Thermal_Anomaly,69,89.93424467713095,34.596209127102725,0.02020505688572593
BAT_004_Thermal_Anomaly,70,89.81455139708189,35.04016379814251,0.02135053968234421
BAT_004_Thermal_Anomaly,71,89.81236721402806,34.3491113341966,0.021239866983324033
BAT_004_Thermal_Anomaly,72,90.68091711090074,31.638966892104733,0.021693278150098607
BAT_004_Thermal_Anomaly,73,89.47196652858486,34.74241412159801,0.021899062681752186
BAT_004_Thermal_Anomaly,74,89.03502501558606,35.97387674884573,0.021524872766666127
BAT_004_Thermal_Anomaly,75,89.65321340802375,34.081677529596234,0.02180249648587808
BAT_004_Thermal_Anomaly,76,88.92046301412914,34.42924419486962,0.022137686433733744
BAT_004_Thermal_Anomaly,77,89.42490741060845,35.13571682430443,0.021804568740026474
BAT_004_Thermal_Anomaly,78,88.99773501608388,35.020947093134446,0.02157108603887913
BAT_004_Thermal_Anomaly,79,89.05855606027501,33.58254897434114,0.022006427085379653
BAT_004_Thermal_Anomaly,80,88.88173644398393,34.404121003601084,0.022052398358865244
BAT_004_Thermal_Anomaly,81,88.76644221763763,36.39487663396974,0.02202430853030727
BAT_004_Thermal_Anomaly,82,88.62728418652856,36.20429235102137,0.022131350791969654
BAT_004_Thermal_Anomaly,83,87.92558940204911,33.48176906566678,0.02289967222072163
BAT_004_Thermal_Anomaly,84,87.50247894628403,35.39031383637262,0.021846020164564557
BAT_004_Thermal_Anomaly,85,87.96830592499678,34.108044228509755,0.022241420875435142
BAT_004_Thermal_Anomaly,86,88.42057401889119,34.62297550139339,0.022909269055333723
BAT_004_Thermal_Anomaly,87,87.75286279853312,36.99709566337867,0.021780894570546484
BAT_004_Thermal_Anomaly,88,87.40618549022825,35.60782930952917,0.022006277467960966
BAT_004_Thermal_Anomaly,89,87.3359278662017,36.57246426857025,0.021730641339309267
BAT_004_Thermal_Anomaly,90,87.48365065300072,36.0361121711884,0.02272071307134065
BAT_004_Thermal_Anomaly,91,87.42775308740853,34.77238894168095,0.022490569947460633
BAT_004_Thermal_Anomaly,92,86.99050109278377,35.30772323610166,0.02246958847154526
BAT_004_Thermal_Anomaly,93,87.36015711065528,36.52099562635116,0.022963598996610327
BAT_004_Thermal_Anomaly,94,87.46931494720296,36.18427591041686,0.02362704569263146
BAT_004_Thermal_Anomaly,95,87.01203833191106,35.46450699603135,0.022339810227939037
BAT_004_Thermal_Anomaly,96,86.40418259911749,35.48137392893057,0.022824476458875823
BAT_004_Thermal_Anomaly,97,86.28465229518763,36.787628523552726,0.02358022436850632
BAT_004_Thermal_Anomaly,98,85.71671972837596,35.846612932293915,0.023056399347488307
BAT_004_Thermal_Anomaly,99,86.14505439968474,35.96467599724787,0.02315281715633719
BAT_004_Thermal_Anomaly,100,85.89025989131808,38.83672464877824,0.02382540423386191
BAT_004_Thermal_Anomaly,101,86.68359139748301,38.12995729951293,0.023343465115237123
BAT_004_Thermal_Anomaly,102,85.65624762477984,37.009789470003525,0.023695498433990506
BAT_004_Thermal_Anomaly,103,85.47706720670517,38.01403447668939,0.023833455423302025
BAT_004_Thermal_Anomaly,104,85.95487964749853,36.433381045069574,0.02319347244783953
BAT_004_Thermal_Anomaly,105,86.01099350008631,36.982403989295555,0.023778151830830704
BAT_004_Thermal_Anomaly,106,85.25855068204403,37.960986885053025,0.02326028174928998
BAT_004_Thermal_Anomaly,107,85.7593884982956,39.23993383442033,0.024037901739236853
BAT_004_Thermal_Anomaly,108,84.68282657881039,38.09861108400899,0.0237056786621969
BAT_004_Thermal_Anomaly,109,85.14094535709641,36.64134573107601,0.023829842243440254
BAT_004_Thermal_Anomaly,110,84.5882240656732,39.45599771145803,0.02371760581907331
BAT_004_Thermal_Anomaly,111,84.89197398485,38.22020980367455,0.024561193111909265
BAT_004_Thermal_Anomaly,112,84.80129214083027,40.35015586499982,0.024532924819445013
BAT_004_Thermal_Anomaly,113,84.89580795441701,38.012840187349596,0.023720376089698708
BAT_004_Thermal_Anomaly,114,83.87088882959102,39.075052809311416,0.024771193333641365
BAT_004_Thermal_Anomaly,115,83.95245506142003,37.199775044073746,0.02411913986464169
BAT_004_Thermal_Anomaly,116,83.82940604014004,38.707052143128685,0.024646709293318133
BAT_004_Thermal_Anomaly,117,83.80581106435054,37.66655690766839,0.025022042616455294
BAT_004_Thermal_Anomaly,118,83.3468610658703,39.23249978948136,0.023397643716139886
BAT_004_Thermal_Anomaly,119,83.62864935146139,39.809686825347356,0.025411986319828286
BAT_004_Thermal_Anomaly,120,83.58823878457633,38.56501603377967,0.02479924815940937
BAT_004_Thermal_Anomaly,121,83.66767401143655,40.15018331812551,0.025371175226562334
BAT_004_Thermal_Anomaly,122,83.8621710014135,39.185321600065706,0.025102090316906148
BAT_004_Thermal_Anomaly,123,82.63808625861104,39.90658702898664,0.025669649883668617
BAT_004_Thermal_Anomaly,124,82.98107839354921,39.18584531988207,0.024970409315007
BAT_004_Thermal_Anomaly,125,82.3044385848462,39.793088755116436,0.02571837344773978
BAT_004_Thermal_Anomaly,126,82.16154495468167,40.39174196810716,0.025186798110843036
BAT_004_Thermal_Anomaly,127,82.23813593050228,40.67660699249332,0.025104460535776505
BAT_004_Thermal_Anomaly,128,82.59693294215907,40.172558345070975,0.02631090970965075
BAT_004_Thermal_Anomaly,129,82.91559323349252,38.98778028862519,0.026205356668479764
BAT_004_Thermal_Anomaly,130,82.31070845622284,41.748175718899816,0.025177161312264756
BAT_004_Thermal_Anomaly,131,82.08358038744362,41.83291177276705,0.026245736726431507
BAT_004_Thermal_Anomaly,132,81.775242899647,40.50099626481337,0.02624711554117454
BAT_004_Thermal_Anomaly,133,82.16039211607952,41.53380422749298,0.026476984697776405
BAT_004_Thermal_Anomaly,134,81.88561877501705,41.31914398629449,0.026406096742293966
BAT_004_Thermal_Anomaly,135,81.17645450409107,38.876599666427516,0.02665417453810047
BAT_004_Thermal_Anomaly,136,81.678515467857,42.1835780538909,0.02647064615948084
BAT_004_Thermal_Anomaly,137,81.3715832941514,42.456243003866895,0.0262585186156138
BAT_004_Thermal_Anomaly,138,81.68143073444534,41.403953900971054,0.025986871612275045
BAT_004_Thermal_Anomaly,139,80.87522261153106,39.66464883596307,0.02582445715188547
BAT_004_Thermal_Anomaly,140,81.2124383780535,42.32397904698015,0.026681568922135065
BAT_004_Thermal_Anomaly,141,81.29986758033775,40.50337240842975,0.02659004715280795
BAT_004_Thermal_Anomaly,142,81.22565555120697,41.53178009659739,0.026513819071861934
BAT_004_Thermal_Anomaly,143,81.08904827484044,42.07808777172759,0.026934335143224106
BAT_004_Thermal_Anomaly,144,80.74140663750453,41.381896667134825,0.026872545947306467
BAT_004_Thermal_Anomaly,145,80.39119380385199,42.35289097473093,0.026622714059394606
BAT_004_Thermal_Anomaly,146,80.43006715649774,44.63462743099805,0.02686544836909543
BAT_004_Thermal_Anomaly,147,80.37891176833745,41.58019496625297,0.02757453672334457
BAT_004_Thermal_Anomaly,148,79.56333550833264,43.05183275154626,0.026992931291294726
BAT_004_Thermal_Anomaly,149,79.9324136047181,43.84252313895115,0.02691202625084462
BAT_004_Thermal_Anomaly,150,80.08546680477882,43.46522657931515,0.026975209347516713
BAT_004_Thermal_Anomaly,151,79.61657486267367,43.16395677323946,0.0271737591917762
BAT_004_Thermal_Anomaly,152,80.10946645729038,41.858443628526764,0.02761974717700363
BAT_004_Thermal_Anomaly,153,79.68060460098097,44.31917010497333,0.0269764254861639
BAT_004_Thermal_Anomaly,154,79.16271379868809,41.184040540244474,0.027097325850667108
BAT_004_Thermal_Anomaly,155,78.80063584348147,44.809770336404554,0.027685568020261838
BAT_004_Thermal_Anomaly,156,79.40368286454343,45.220921751148765,0.0275381943056229
BAT_004_Thermal_Anomaly,157,79.26916469448089,42.40378200037427,0.028210782093389775
BAT_004_Thermal_Anomaly,158,79.03149093006719,42.89056189485046,0.02774985184969928
BAT_004_Thermal_Anomaly,159,78.7447451854475,42.92700593578162,0.027814046157310215
BAT_004_Thermal_Anomaly,160,78.96944957859918,44.44785337672904,0.027712903842530702
BAT_004_Thermal_Anomaly,161,78.22063926630221,43.61075905988874,0.028068018025614164
BAT_004_Thermal_Anomaly,162,78.12441780439642,45.23630786592505,0.02858948184376995
BAT_004_Thermal_Anomaly,163,78.18307344029665,44.019628425989154,0.028147556514096617
BAT_004_Thermal_Anomaly,164,78.44396307262413,42.45851011982599,0.02901604912946315
BAT_004_Thermal_Anomaly,165,78.40552842806002,44.022827043165805,0.028560755922672074
BAT_004_Thermal_Anomaly,166,78.05679544560225,45.46034626382236,0.028372709816369166
BAT_004_Thermal_Anomaly,167,77.80227038770394,45.39478945597361,0.02890990806501461
BAT_004_Thermal_Anomaly,168,77.79913234607355,44.25607966581354,0.02929857094347902
BAT_004_Thermal_Anomaly,169,77.71195995480241,46.021794416301645,0.028883739767993872
BAT_004_Thermal_Anomaly,170,77.92852078776643,47.31301111495492,0.028697752396037054
BAT_004_Thermal_Anomaly,171,77.008757508403,46.01957013783166,0.028747168628176955
BAT_004_Thermal_Anomaly,172,77.77081381956532,47.4304643502463,0.02914707903037936
BAT_004_Thermal_Anomaly,173,76.36913841219184,45.97194139189429,0.029265482925281076
BAT_004_Thermal_Anomaly,174,76.21915992669678,47.600360429562194,0.029684835769711482
BAT_004_Thermal_Anomaly,175,76.89783214181388,45.46773373949637,0.029184818400838867
BAT_004_Thermal_Anomaly,176,77.07682331764491,46.480770167490675,0.029344721335599233
BAT_004_Thermal_Anomaly,177,76.25555683628183,46.437787914581314,0.029412183544429808
BAT_004_Thermal_Anomaly,178,76.3455770692463,47.82222676979182,0.029974680714537395
BAT_004_Thermal_Anomaly,179,76.51266570146265,49.01146763638688,0.029411629372317612
BAT_004_Thermal_Anomaly,180,76.41743937771562,46.209279685819936,0.02908400574340646
BAT_004_Thermal_Anomaly,181,75.83867497057827,46.768631544614145,0.029986471158521797
BAT_004_Thermal_Anomaly,182,75.68837859424417,46.872603048918045,0.029795935729625075
BAT_004_Thermal_Anomaly,183,75.84826894872312,47.44624447405589,0.03036774131875912
BAT_004_Thermal_Anomaly,184,75.92642708073052,47.0761033460046,0.029175847111355922
BAT_004_Thermal_Anomaly,185,75.21457735623873,46.165035563395726,0.030074899584308742
BAT_004_Thermal_Anomaly,186,75.47582290530848,49.20835674581216,0.02995054173155218
BAT_004_Thermal_Anomaly,187,75.84015851267742,46.87359679820337,0.029366888516650837
BAT_004_Thermal_Anomaly,188,75.4110375171244,47.238026743512954,0.029780134739557547
BAT_004_Thermal_Anomaly,189,75.2970936108979,45.85566986644739,0.02948158266058508
BAT_004_Thermal_Anomaly,190,75.23660137989324,48.87994103866222,0.030642460879325307
BAT_004_Thermal_Anomaly,191,74.99761547867554,47.25855918962963,0.030938490844306322
BAT_004_Thermal_Anomaly,192,74.3841786927164,46.11368978045248,0.03004517264480924
BAT_004_Thermal_Anomaly,193,74.80535457024925,46.382949983844675,0.03004682982167014
BAT_004_Thermal_Anomaly,194,74.47310095164454,47.51569512480083,0.03031220738169699
BAT_004_Thermal_Anomaly,195,74.73881750713737,49.453373503465116,0.030659326264373413
BAT_004_Thermal_Anomaly,196,74.45306258180608,48.44135970045314,0.03082982423220412
BAT_004_Thermal_Anomaly,197,74.78665357552141,49.30389566132274,0.030669698136771725
BAT_004_Thermal_Anomaly,198,74.88506620123474,49.25148599827867,0.030657084458445637
BAT_004_Thermal_Anomaly,199,73.86605129721565,49.46427295283413,0.03055799105820737
BAT_004_Thermal_Anomaly,200,74.08117640153306,50.291693650159246,0.0314524566465049
BAT_004_Thermal_Anomaly,201,73.61539854572561,50.730080757807315,0.030902204046069963
BAT_004_Thermal_Anomaly,202,74.1014429041697,49.59565927724567,0.03123171998309826
BAT_004_Thermal_Anomaly,203,73.38131928230776,50.063813719327825,0.03129639653675258
BAT_004_Thermal_Anomaly,204,73.52258529599051,49.71956523034827,0.03146962281073685
BAT_004_Thermal_Anomaly,205,73.08458160013114,51.0574886920292,0.031538196936595174
BAT_004_Thermal_Anomaly,206,73.69004396308824,49.15489625865708,0.03142493659535375
BAT_004_Thermal_Anomaly,207,72.98785398452108,49.956700114620766,0.032523407962689065
BAT_004_Thermal_Anomaly,208,73.28008143801736,49.917880831486684,0.03200599285674534
BAT_004_Thermal_Anomaly,209,73.06559000071428,49.468612232994495,0.03191204611868415
BAT_004_Thermal_Anomaly,210,73.08087954127149,52.582168912918505,0.03238454948705318
BAT_004_Thermal_Anomaly,211,73.34903112275379,52.26535281900271,0.032272274350206125
BAT_004_Thermal_Anomaly,212,72.79310476721012,49.31922398732696,0.032292342204490114
BAT_004_Thermal_Anomaly,213,72.90038635726918,51.47222761354168,0.03248589789584377
BAT_004_Thermal_Anomaly,214,72.2713470973309,51.92000427472367,0.0316639620889042
BAT_004_Thermal_Anomaly,215,72.17526406360741,51.477796963934345,0.032629296231882404
BAT_004_Thermal_Anomaly,216,72.66189841931433,49.21148017487548,0.03333453431343257
BAT_004_Thermal_Anomaly,217,72.33771436809663,51.51204502139088,0.03236639329608976
BAT_004_Thermal_Anomaly,218,72.63176424224453,51.82456017147761,0.033484029735381234
BAT_004_Thermal_Anomaly,219,72.20160792176861,48.87393228176803,0.03239322138838974
BAT_004_Thermal_Anomaly,220,71.98565648875388,53.43295750886658,0.032216740171157
BAT_004_Thermal_Anomaly,221,72.3506300031967,53.00283702714064,0.03237523330504907
BAT_004_Thermal_Anomaly,222,71.59270323323877,51.944512794591255,0.03274750573714935
BAT_004_Thermal_Anomaly,223,71.22801444448929,53.24023414715255,0.033044797671451256
BAT_004_Thermal_Anomaly,224,71.2669125329368,51.58117558403127,0.0334942186435544
BAT_004_Thermal_Anomaly,225,71.14970783097357,53.02592200009107,0.032910199303769774
BAT_004_Thermal_Anomaly,226,71.3712102988515,53.81561460591101,0.03282543261288723
BAT_004_Thermal_Anomaly,227,71.36196517379514,54.0760320401685,0.03382737680039738
BAT_004_Thermal_Anomaly,228,70.98430979850856,52.670151311124194,0.03328431271461292
BAT_004_Thermal_Anomaly,229,71.00484292193359,54.39315017153256,0.033477893775387096
BAT_004_Thermal_Anomaly,230,70.78048317940271,51.0716273887458,0.033414613625430245
BAT_004_Thermal_Anomaly,231,70.33243603993037,53.824315234773664,0.03343673364800762
BAT_004_Thermal_Anomaly,232,70.72899217007203,53.77814848183816,0.03404107141869668
BAT_004_Thermal_Anomaly,233,70.38698794198714,53.33467062773977,0.03320930906304355
BAT_004_Thermal_Anomaly,234,70.18175317299335,52.29853745383053,0.03320769554538854
BAT_004_Thermal_Anomaly,235,70.0645044991959,55.192586386005466,0.03349710027217475
BAT_004_Thermal_Anomaly,236,70.0723578499826,53.595423634745075,0.03340535687833863
BAT_004_Thermal_Anomaly,237,69.74324630462057,53.40222154677625,0.03329438658268386
BAT_004_Thermal_Anomaly,238,69.95601478639979,53.324359341034544,0.03264416435928139
BAT_004_Thermal_Anomaly,239,69.63212634864597,55.75171686055499,0.034035644654252704
BAT_004_Thermal_Anomaly,240,69.37510393550257,54.48138750767958,0.03394641875454304
BAT_004_Thermal_Anomaly,241,69.66038107776575,51.81912068494581,0.033968048652561866
BAT_004_Thermal_Anomaly,242,69.50520605831731,54.5323734312477,0.033989091469204785
BAT_004_Thermal_Anomaly,243,69.20222367741185,54.31716958044061,0.03452914887079006
BAT_004_Thermal_Anomaly,244,69.06741058635744,53.68110235194069,0.03364039954992958
BAT_004_Thermal_Anomaly,245,69.13552668882656,54.04023683551939,0.03401469680086027
BAT_004_Thermal_Anomaly,246,69.21430478615966,53.74237321195419,0.03427623798932629
BAT_004_Thermal_Anomaly,247,69.06555994939197,55.581341863113906,0.03444713601002707
BAT_004_Thermal_Anomaly,248,69.12263684830218,56.18669352745127,0.034739835283336
BAT_004_Thermal_Anomaly,249,68.84759730811608,52.19401770305357,0.03472505405765844
BAT_004_Thermal_Anomaly,250,68.55291928086221,55.905758271799755,0.03446410517219852
BAT_005_Resistant_Growth,1,99.20884453353291,25.72533894905361,0.025238947649567457
BAT_005_Resistant_Growth,2,99.63882161990664,24.80730451329167,0.025449141670160824
BAT_005_Resistant_Growth,3,99.95272073217369,26.017815080836193,0.025590522276638196
BAT_005_Resistant_Growth,4,99.58659551396046,26.324157353142482,0.02422140013287988
BAT_005_Resistant_Growth,5,99.08487913856479,24.97696522380311,0.025371016711327174
BAT_005_Resistant_Growth,6,99.17932969980305,24.092011075017098,0.025740295887345162
BAT_005_Resistant_Growth,7,99.1834823495825,26.822369691750605,0.0256285337416691
BAT_005_Resistant_Growth,8,98.3233611324412,26.3871492932639,0.025290360769803632
BAT_005_Resistant_Growth,9,99.66555801384743,27.516217934783175,0.025057741736266192
BAT_005_Resistant_Growth,10,98.95434161976094,26.416214944920142,0.02523404940602355
BAT_005_Resistant_Growth,11,98.56576839196342,25.552437258560204,0.026108365700370482
BAT_005_Resistant_Growth,12,98.67440646807775,24.71684310272077,0.025657859684107238
BAT_005_Resistant_Growth,13,99.14196169026953,25.688409308676714,0.02600615648175197
BAT_005_Resistant_Growth,14,98.65401548333546,26.11626357966058,0.025605212324093782
BAT_005_Resistant_Growth,15,98.7042796783871,27.59075437747851,0.02642894709165481
BAT_005_Resistant_Growth,16,98.03600170868076,24.450013505537342,0.0254221600719003
BAT_005_Resistant_Growth,17,98.23274449184161,25.008530098091498,0.026335375015550545
BAT_005_Resistant_Growth,18,97.85490014310187,26.372115902746014,0.02545200155001637
BAT_005_Resistant_Growth,19,98.57776222410838,27.74352089677435,0.025746557945268814
BAT_005_Resistant_Growth,20,97.74340681130496,26.83294310309154,0.025410799690386
BAT_005_Resistant_Growth,21,97.89954091829739,27.570134777904784,0.025650577806433556
BAT_005_Resistant_Growth,22,98.0094511256766,26.903326075007712,0.025692751767092323
BAT_005_Resistant_Growth,23,97.59137509583613,25.213119299688582,0.026095284168156478
BAT_005_Resistant_Growth,24,97.59981555638765,23.912734378753253,0.025886669990352055
BAT_005_Resistant_Growth,25,97.37415647908192,22.610445580802153,0.026065074280598195
BAT_005_Resistant_Growth,26,97.10765739569513,24.754697973098345,0.02664245391614243
BAT_005_Resistant_Growth,27,97.41133822218431,25.514892795870075,0.02649421180532772
BAT_005_Resistant_Growth,28,97.44680062218738,27.453663134957136,0.0262429676671334
BAT_005_Resistant_Growth,29,96.77885163607272,25.313869658270434,0.02644465334658219
BAT_005_Resistant_Growth,30,97.38151450728232,24.98763471940849,0.026578165221570933
BAT_005_Resistant_Growth,31,96.83109803618343,26.467467323490155,0.02655303898037989
BAT_005_Resistant_Growth,32,96.89824530226079,25.894795842967227,0.026656624790377708
BAT_005_Resistant_Growth,33,96.24936598659134,25.37703062287164,0.026761390615714295
BAT_005_Resistant_Growth,34,97.05493144968871,27.633815600297282,0.02666539368985388
BAT_005_Resistant_Growth,35,96.40151132551593,26.290742134707383,0.026880981976941783
BAT_005_Resistant_Growth,36,96.98669784934012,25.798912428421456,0.027176930912635813
BAT_005_Resistant_Growth,37,95.82966516067184,25.57842104876946,0.026826779468460925
BAT_005_Resistant_Growth,38,96.28222516713123,26.288769975815626,0.02630795236112001
BAT_005_Resistant_Growth,39,96.57118545544236,27.45449506307866,0.026580195620077594
BAT_005_Resistant_Growth,40,96.09877758811437,26.880559544299917,0.02722978608450931
BAT_005_Resistant_Growth,41,95.87595517344563,26.000079914390433,0.026802806111290774
BAT_005_Resistant_Growth,42,96.22504159062261,24.90551433660767,0.026969226591983232
BAT_005_Resistant_Growth,43,95.9329861890293,28.024122658872514,0.027893386516647863
BAT_005_Resistant_Growth,44,95.83433972259867,27.09932848615544,0.027205097323755128
BAT_005_Resistant_Growth,45,95.60907159652452,27.2470875618126,0.027332906093783815
BAT_005_Resistant_Growth,46,95.52691629094343,28.63575951268426,0.0276712772882931
BAT_005_Resistant_Growth,47,95.7370234349455,25.380400559831134,0.026537164041484176
BAT_005_Resistant_Growth,48,95.34165634902324,27.1663902283303,0.02756012194266276
BAT_005_Resistant_Growth,49,95.2231611716918,25.391484422727984,0.02772867090114562
BAT_005_Resistant_Growth,50,95.08521114961538,25.184893439772782,0.027365592607332023
BAT_005_Resistant_Growth,51,95.13282833083544,27.199377391616384,0.027646094328431358
BAT_005_Resistant_Growth,52,95.33388647271691,26.020142227940163,0.027741237625055804
BAT_005_Resistant_Growth,53,94.99031385306444,28.849869647276485,0.026993784303685778
BAT_005_Resistant_Growth,54,94.8071430306551,28.784584833747342,0.027893359230701773
BAT_005_Resistant_Growth,55,94.64006645832842,25.45316917526167,0.026935061050714852
BAT_005_Resistant_Growth,56,94.75109285872652,26.243586362037416,0.027241880653026258
BAT_005_Resistant_Growth,57,94.29818843352585,29.345496358455392,0.027859723943118263
BAT_005_Resistant_Growth,58,94.44608325204834,24.873061089603596,0.027937335452549998
BAT_005_Resistant_Growth,59,94.26180925140832,28.387532257897483,0.027993176252688247
BAT_005_Resistant_Growth,60,93.99445518388458,27.72026644996866,0.027856154894316986
BAT_005_Resistant_Growth,61,93.58627074927377,27.412056359119777,0.027953746496431155
BAT_005_Resistant_Growth,62,94.14450797063985,27.51612759646049,0.028391083098678386
BAT_005_Resistant_Growth,63,93.66859221270857,27.374850714387453,0.02830493259663964
BAT_005_Resistant_Growth,64,94.12800124841554,28.922181548088307,0.02781200299179826
BAT_005_Resistant_Growth,65,93.37797834271652,28.308374252098506,0.027802009614865935
BAT_005_Resistant_Growth,66,93.45379259069334,29.685593591746322,0.0283278584836167
BAT_005_Resistant_Growth,67,93.80173037201955,27.613070079842387,0.028233512553210993
BAT_005_Resistant_Growth,68,93.87538128811441,28.16798741367463,0.028258814655827226
BAT_005_Resistant_Growth,69,93.42536601771424,27.73262131809291,0.02829559973897406
BAT_005_Resistant_Growth,70,93.45732677529742,26.56055576676234,0.028831666036153343
BAT_005_Resistant_Growth,71,92.73086021539706,24.74912638287254,0.028924255266858497
BAT_005_Resistant_Growth,72,93.30454233768857,28.66125627843355,0.028540108577878566
BAT_005_Resistant_Growth,73,92.36650769868862,30.326468048078567,0.02875150189703103
BAT_005_Resistant_Growth,74,92.70220275138384,26.953697507255107,0.02836471791015781
BAT_005_Resistant_Growth,75,92.90216544921732,26.300543292585257,0.028595807957750345
BAT_005_Resistant_Growth,76,93.07413285852365,27.92029197630715,0.028801038126531613
BAT_005_Resistant_Growth,77,93.16604274926611,26.286490773492574,0.028851934934548972
BAT_005_Resistant_Growth,78,93.02923832309298,29.206785960908235,0.028911445555471097
BAT_005_Resistant_Growth,79,92.52976864878852,27.96366515547604,0.029525231620964695
BAT_005_Resistant_Growth,80,91.8446527906523,28.178332839474812,0.02966800554866863
BAT_005_Resistant_Growth,81,92.29643531738382,28.144574114776503,0.029341819151586707
BAT_005_Resistant_Growth,82,92.49108440470718,29.072002996559206,0.02948701064377534
BAT_005_Resistant_Growth,83,92.0795985455738,29.96358187573069,0.029126708336645157
BAT_005_Resistant_Growth,84,91.79575508946385,26.311587356436306,0.029947692369412363
BAT_005_Resistant_Growth,85,91.78109901493623,27.818423261636827,0.029356537545952327
BAT_005_Resistant_Growth,86,91.96746552679824,30.443246950273892,0.029440450509016884
BAT_005_Resistant_Growth,87,91.46348916677773,28.0205389463411,0.03000210568967129
BAT_005_Resistant_Growth,88,91.44344037230655,29.803588707222335,0.02995102290091354
BAT_005_Resistant_Growth,89,91.86291550213056,30.215482065740094,0.02966777798120861
BAT_005_Resistant_Growth,90,91.2041090058105,28.26411461127982,0.029788903608347503
BAT_005_Resistant_Growth,91,91.03586111826488,28.470762953538394,0.029551508941497228
BAT_005_Resistant_Growth,92,91.24078384614891,28.464233564485657,0.029406438174403755
BAT_005_Resistant_Growth,93,90.7275004754212,27.636102708334246,0.03001206487858901
BAT_005_Resistant_Growth,94,91.11241695942557,28.936375338003835,0.029853047085187896
BAT_005_Resistant_Growth,95,90.85761785033247,27.918169537618187,0.030779004167615354
BAT_005_Resistant_Growth,96,91.23384320872822,30.588609321584944,0.029187183491791138
BAT_005_Resistant_Growth,97,90.64780036858308,29.519002175867108,0.02987202695789515
BAT_005_Resistant_Growth,98,90.66915079464685,31.19121438959463,0.02968671802820737
BAT_005_Resistant_Growth,99,90.49930886795273,27.97406972762757,0.029601390264965353
BAT_005_Resistant_Growth,100,90.7795258215229,28.894199677305075,0.029850006340059427
BAT_005_Resistant_Growth,101,90.29623222609726,29.69677385236725,0.030713314492857025
BAT_005_Resistant_Growth,102,90.72710750036916,30.934826449106243,0.029453625093495143
BAT_005_Resistant_Growth,103,90.1300860380497,28.739173586835207,0.0300586823714029
BAT_005_Resistant_Growth,104,90.37311295030382,29.321381517481175,0.030421314510291137
BAT_005_Resistant_Growth,105,89.68772396136556,31.03650897188669,0.029890003709849556
BAT_005_Resistant_Growth,106,90.09211312171036,27.537456446243485,0.030430405392161054
BAT_005_Resistant_Growth,107,90.32231814109652,28.212291018320684,0.029810131445347318
BAT_005_Resistant_Growth,108,89.64056162002764,29.864246172984664,0.03042292302191646
BAT_005_Resistant_Growth,109,90.16757793909807,28.277118442759217,0.030355666192227255
BAT_005_Resistant_Growth,110,89.34073143277932,28.55765896967753,0.030645429637969564
BAT_005_Resistant_Growth,111,89.65927638963889,30.239432753280184,0.030432802129982582
BAT_005_Resistant_Growth,112,89.6018823062744,30.467809350534825,0.030553650375678684
BAT_005_Resistant_Growth,113,89.01469522415212,28.673920684478606,0.030308419880963132
BAT_005_Resistant_Growth,114,89.30792299822662,31.58595051293882,0.030039960665569153
BAT_005_Resistant_Growth,115,88.59467135609381,27.484897093101488,0.030710362459075644
BAT_005_Resistant_Growth,116,89.25239395048128,28.664671680952022,0.031209211918751662
BAT_005_Resistant_Growth,117,88.36625027027229,30.907521765321345,0.0312741930548454
BAT_005_Resistant_Growth,118,88.87384649461778,28.74270096471443,0.03091195809432978
BAT_005_Resistant_Growth,119,89.23418917445082,29.66318818363434,0.030719956840206293
BAT_005_Resistant_Growth,120,89.0910319054722,30.510019414031678,0.03131040973896885
BAT_005_Resistant_Growth,121,88.54377003904422,28.31535661878645,0.031112123700314215
BAT_005_Resistant_Growth,122,88.58711820578866,29.40305287158014,0.0312018501237914
BAT_005_Resistant_Growth,123,88.56165769814244,29.150915927798472,0.031167248005406354
BAT_005_Resistant_Growth,124,88.37594729506279,30.11148523031491,0.03126600329586278
BAT_005_Resistant_Growth,125,88.22482751328998,32.08959276126421,0.0317267209247096
BAT_005_Resistant_Growth,126,88.5284506257519,30.708212152343194,0.030360730751696017
BAT_005_Resistant_Growth,127,87.99158226895594,30.444374018049913,0.03133430788377336
BAT_005_Resistant_Growth,128,87.63298353687604,29.0064327042214,0.030955184115413606
BAT_005_Resistant_Growth,129,88.28422084727893,30.586881810564773,0.031279180324573795
BAT_005_Resistant_Growth,130,87.81689028267735,30.337937108221738,0.031773525389966285
BAT_005_Resistant_Growth,131,87.48895230955064,29.47341643263464,0.0323007387888907
BAT_005_Resistant_Growth,132,86.83319369915738,29.043806034685996,0.031994367712488654
BAT_005_Resistant_Growth,133,87.56383865367253,29.4642465273276,0.03194414163293948
BAT_005_Resistant_Growth,134,87.12860476539022,28.761673414265463,0.031701073166170365
BAT_005_Resistant_Growth,135,87.53082628666361,30.47580303127973,0.03150974324087926
BAT_005_Resistant_Growth,136,87.35030815345108,30.237711358549703,0.03220165014245343
BAT_005_Resistant_Growth,137,87.43393693012634,28.104999330017414,0.03142448489898075
BAT_005_Resistant_Growth,138,86.92795109455749,29.438285649736265,0.03170728805187443
BAT_005_Resistant_Growth,139,86.94517763179037,31.09773592303752,0.032262784370300654
BAT_005_Resistant_Growth,140,86.79450897571266,30.360918701036056,0.03152672576411837
BAT_005_Resistant_Growth,141,87.46638538598475,30.67153792956143,0.03217258043213018
BAT_005_Resistant_Growth,142,86.7338441492334,29.769182715262403,0.0323655892869034
BAT_005_Resistant_Growth,143,87.02800941474459,30.893122897413647,0.03256862332328667
BAT_005_Resistant_Growth,144,86.93382893947256,30.59362588635248,0.032691845396436506
BAT_005_Resistant_Growth,145,86.45239431427245,31.025269279740368,0.03267310427066775
BAT_005_Resistant_Growth,146,86.31598065786498,31.28019928736969,0.03223636408479438
BAT_005_Resistant_Growth,147,86.67426322249764,32.302503731709926,0.03258048721338389
BAT_005_Resistant_Growth,148,86.3003130179892,30.2211560916626,0.03194228117847983
BAT_005_Resistant_Growth,149,86.43377237440954,32.60596895560616,0.03235181080749619
BAT_005_Resistant_Growth,150,85.52486894102792,33.0681854661702,0.03259414313829025
BAT_005_Resistant_Growth,151,86.11539339738904,32.20583883105116,0.03258192344678013
BAT_005_Resistant_Growth,152,85.41870843689142,32.16540755335203,0.03221403046447365
BAT_005_Resistant_Growth,153,85.63970011785915,30.826745063692563,0.032933263448906284
BAT_005_Resistant_Growth,154,84.90672904728231,32.044811605253024,0.032878441350240435
BAT_005_Resistant_Growth,155,85.42729944937528,30.49895506155031,0.03267672181832518
BAT_005_Resistant_Growth,156,85.17596616346383,31.84564707380464,0.033191915909499776
BAT_005_Resistant_Growth,157,85.51747293257075,30.848882342770256,0.033055136979345374
BAT_005_Resistant_Growth,158,85.01021547486512,30.261715163411555,0.03330608316696642
BAT_005_Resistant_Growth,159,85.24337803593029,33.17545433981233,0.032845860567407514
BAT_005_Resistant_Growth,160,85.10098222088055,28.94872742248155,0.03269852198786489
BAT_005_Resistant_Growth,161,85.28066539019929,31.601139343485993,0.03286750375832553
BAT_005_Resistant_Growth,162,85.00121288200936,29.636403353702914,0.03330149772792397
BAT_005_Resistant_Growth,163,84.83705083183108,32.486353440506655,0.03322850542214039
BAT_005_Resistant_Growth,164,84.7129834735003,31.115934179309384,0.03313962752535747
BAT_005_Resistant_Growth,165,84.66475920314109,33.35541078234974,0.03334630416272835
BAT_005_Resistant_Growth,166,84.19034662323813,30.049073654235286,0.03350276443050561
BAT_005_Resistant_Growth,167,84.83368070835341,31.421584446497317,0.033642754989603334
BAT_005_Resistant_Growth,168,84.47009500269074,31.22188951447084,0.03436448504658024
BAT_005_Resistant_Growth,169,84.03357877287162,29.81999557368256,0.03370882788070118
BAT_005_Resistant_Growth,170,84.5725243955949,30.831767545728358,0.03359707401693275
BAT_005_Resistant_Growth,171,84.63175883574404,33.07561069632338,0.03375645726907831
BAT_005_Resistant_Growth,172,83.74746606021917,30.800836376349917,0.03350082739767756
BAT_005_Resistant_Growth,173,84.05127767497135,33.83297939050407,0.034564293770118756
BAT_005_Resistant_Growth,174,84.03911359264414,31.571968388948623,0.03308332960967238
BAT_005_Resistant_Growth,175,84.07662537841644,31.805623173278665,0.033632339019016
BAT_005_Resistant_Growth,176,83.66655358810358,32.00760566109471,0.033973076426108355
BAT_005_Resistant_Growth,177,83.51346453101961,33.184003858023985,0.03399802961788038
BAT_005_Resistant_Growth,178,83.82881174592596,30.853161392161557,0.034485886992104836
BAT_005_Resistant_Growth,179,83.69559777002668,33.867198548320154,0.033786017675353094
BAT_005_Resistant_Growth,180,83.59023215447873,31.195593005550613,0.034086762380241636
BAT_005_Resistant_Growth,181,83.43274127461241,33.71476046805254,0.03416238804738642
BAT_005_Resistant_Growth,182,83.02704543299119,31.995620708248705,0.034201242226492616
BAT_005_Resistant_Growth,183,83.21898300900378,31.943838980124582,0.03414883970223135
BAT_005_Resistant_Growth,184,83.06532246142858,33.87493588442417,0.033864058765964135
BAT_005_Resistant_Growth,185,82.61354918734432,32.03393683813269,0.0343447218246103
BAT_005_Resistant_Growth,186,83.40991699713534,34.00466807624911,0.034566814974011706
BAT_005_Resistant_Growth,187,82.83960999066568,32.317407242008706,0.03436658145449428
BAT_005_Resistant_Growth,188,83.1167840181472,33.47102561430545,0.03425839720851863
BAT_005_Resistant_Growth,189,82.64201479776104,32.25131951644346,0.03418549498432667
BAT_005_Resistant_Growth,190,82.67237019220073,31.77186270407716,0.0343420141743618
BAT_005_Resistant_Growth,191,82.58988390352499,31.260856114088988,0.03503693349701831
BAT_005_Resistant_Growth,192,82.08022726689512,31.591177287444808,0.03493791397914098
BAT_005_Resistant_Growth,193,82.52287428626774,32.45813589910841,0.034872429370503506
BAT_005_Resistant_Growth,194,81.94801658785853,31.798098471875356,0.034716354493729694
BAT_005_Resistant_Growth,195,82.60570948363522,33.10759518680755,0.03517692475653965
BAT_005_Resistant_Growth,196,82.58537276609916,32.077769360568794,0.035116693017040804
BAT_005_Resistant_Growth,197,82.66361400960619,32.15414016461224,0.03486061972797568
BAT_005_Resistant_Growth,198,82.39890882788718,31.163339173216126,0.03469816423147059
BAT_005_Resistant_Growth,199,82.38697338771125,30.628861007351595,0.035114036861253715
BAT_005_Resistant_Growth,200,81.6024184796175,32.67481796333125,0.03522153237924229
BAT_005_Resistant_Growth,201,81.95336866963873,31.390249376060613,0.03470717727650668
BAT_005_Resistant_Growth,202,81.48368466750345,32.68240019936316,0.035948329515789204
BAT_005_Resistant_Growth,203,81.94227990490089,34.78878899804549,0.035071579236736976
BAT_005_Resistant_Growth,204,81.75231380244169,31.191282470263314,0.03553189496299525
BAT_005_Resistant_Growth,205,81.70567898216112,31.5673891294309,0.03562369137848222
BAT_005_Resistant_Growth,206,81.58239271503444,31.907061025871158,0.03519878658614563
BAT_005_Resistant_Growth,207,81.7109665414766,33.46930902404624,0.03538930253214381
BAT_005_Resistant_Growth,208,81.15876023530605,33.010738087210015,0.03533971954819718
BAT_005_Resistant_Growth,209,80.72018441215236,32.95508007812041,0.03515778731605067
BAT_005_Resistant_Growth,210,81.27515684717326,33.09733103734184,0.034591429146713454
BAT_005_Resistant_Growth,211,80.98796287744021,31.892373452531952,0.03535935827561139
BAT_005_Resistant_Growth,212,81.12133126387265,34.718401143454784,0.03556025677342722
BAT_005_Resistant_Growth,213,80.77663338222129,33.28436791781878,0.03477367278372573
BAT_005_Resistant_Growth,214,81.29069672910309,35.729550771002046,0.035788095922821124
BAT_005_Resistant_Growth,215,80.86988841168257,33.6236283808214,0.03585743133306069
BAT_005_Resistant_Growth,216,80.53483239151645,30.77951364219763,0.035489158749185054
BAT_005_Resistant_Growth,217,80.12490268685879,33.59066911288749,0.03612754604838385
BAT_005_Resistant_Growth,218,80.34748940958904,34.78505751596969,0.03572267426672632
BAT_005_Resistant_Growth,219,80.31725475993748,34.85370036892025,0.036221364553817
BAT_005_Resistant_Growth,220,80.32607774498412,33.33574875246311,0.03590349654405045
BAT_005_Resistant_Growth,221,80.19779187604956,34.199362496782484,0.03547476535575135
BAT_005_Resistant_Growth,222,79.81202613736362,34.10119128880463,0.03625241525241236
BAT_005_Resistant_Growth,223,79.53665528467523,33.48856525763953,0.0361998185522129
BAT_005_Resistant_Growth,224,80.02916894407242,31.68324138569983,0.03664443460960145
BAT_005_Resistant_Growth,225,79.73245150318733,34.58002985797986,0.036379538572568024
BAT_005_Resistant_Growth,226,79.77029625467904,33.78901498226598,0.036182882980028266
BAT_005_Resistant_Growth,227,79.79667389864565,35.10989266502037,0.03564679356716193
BAT_005_Resistant_Growth,228,79.81379756043887,32.51223253389325,0.03667680554710711
BAT_005_Resistant_Growth,229,79.42508537043422,35.64944487105516,0.03633636999677275
BAT_005_Resistant_Growth,230,79.26716771741435,36.89751157189307,0.03645153876352326
BAT_005_Resistant_Growth,231,79.37278046466652,34.130887112148315,0.0367719789018909
BAT_005_Resistant_Growth,232,78.80981242488434,33.89844690043656,0.03666586189563897
BAT_005_Resistant_Growth,233,79.36931745093533,36.2531907509511,0.0371395244854003
BAT_005_Resistant_Growth,234,79.26211107248109,35.144568570967806,0.03728986398117626
BAT_005_Resistant_Growth,235,78.74616324747565,33.99696456442362,0.036926864631247884
BAT_005_Resistant_Growth,236,78.84601253730025,33.764319464960096,0.037674126160875246
BAT_005_Resistant_Growth,237,78.96992417391554,33.361989085893384,0.037360100050938226
BAT_005_Resistant_Growth,238,79.26269324759014,32.45672468553386,0.03678800464206376
BAT_005_Resistant_Growth,239,78.9070595637363,34.401180425344236,0.03791759123163854
BAT_005_Resistant_Growth,240,78.56054614926687,35.42489026838771,0.03707106325166514
BAT_005_Resistant_Growth,241,78.88614157964152,34.4035325231332,0.03710888810347506
BAT_005_Resistant_Growth,242,77.96120941578239,36.025367683422374,0.037210815425619465
BAT_005_Resistant_Growth,243,78.69815406166823,35.687167904802614,0.0369116861051104
BAT_005_Resistant_Growth,244,78.2756224165323,33.51567656588776,0.03772862635438654
BAT_005_Resistant_Growth,245,78.04581583492087,31.88229888581563,0.03734357917303649
BAT_005_Resistant_Growth,246,78.18995353406076,33.98013783234715,0.03732272858755921
BAT_005_Resistant_Growth,247,78.13988094612961,33.81175906819651,0.03781433795202464
BAT_005_Resistant_Growth,248,78.0075776182236,34.13578533871282,0.03719910153815524
BAT_005_Resistant_Growth,249,77.56884691959819,37.16306515269,0.037015105534159265
BAT_005_Resistant_Growth,250,77.69301717138859,35.57411972125251,0.03743739589281348
BAT_006_Optimal_Cell,1,100.0,23.588294287458243,0.010407918430196604
BAT_006_Optimal_Cell,2,99.54444825042563,23.909091675289776,0.009435013111881477
BAT_006_Optimal_Cell,3,99.90905753968534,24.346542714759735,0.010173281507888479
BAT_006_Optimal_Cell,4,99.80084587046159,25.433644013597327,0.010199364278572915
BAT_006_Optimal_Cell,5,100.0,26.513259548521827,0.009902565135626875
BAT_006_Optimal_Cell,6,99.8466071674605,26.793498738629893,0.010298698647961714
BAT_006_Optimal_Cell,7,99.27722673899689,26.86135010857708,0.010377518630697389
BAT_006_Optimal_Cell,8,99.84123411036133,24.88230666189776,0.009424435894610561
BAT_006_Optimal_Cell,9,100.0,24.98970984147977,0.009894906901745876
BAT_006_Optimal_Cell,10,99.87721366753188,26.861633042762122,0.01023691853058611
BAT_006_Optimal_Cell,11,99.51468066050246,24.66700271360803,0.00958963630564019
BAT_006_Optimal_Cell,12,99.63690044029303,25.850201411189087,0.010267166206725856
BAT_006_Optimal_Cell,13,99.48705362037822,22.73848296935983,0.010022587571102118
BAT_006_Optimal_Cell,14,99.51875477103498,24.322507273794255,0.010383341036504654
BAT_006_Optimal_Cell,15,99.70489026237914,23.44242964794831,0.009893865339451234
BAT_006_Optimal_Cell,16,99.55994099667795,25.258729547869105,0.010185009605362672
BAT_006_Optimal_Cell,17,99.63162019888496,25.33676171821975,0.01034543905824941
BAT_006_Optimal_Cell,18,98.9333585373948,26.425178678925764,0.009311946148695667
BAT_006_Optimal_Cell,19,99.25155041460332,23.869544583992617,0.010412271945069124
BAT_006_Optimal_Cell,20,99.67321801752188,24.714781277153353,0.009595644565635133
BAT_006_Optimal_Cell,21,99.17910176588349,28.22093515494446,0.010869833553320742
BAT_006_Optimal_Cell,22,99.08550565196988,23.727513290989556,0.010540161634474642
BAT_006_Optimal_Cell,23,99.7231727839363,25.05506621164804,0.010054536377926715
BAT_006_Optimal_Cell,24,99.54524191068954,24.34163582371017,0.010699949199274101
BAT_006_Optimal_Cell,25,99.69576823147271,24.691326569633553,0.010438530604142262
BAT_006_Optimal_Cell,26,99.08050798743454,24.9500866021734,0.010438172044349377
BAT_006_Optimal_Cell,27,99.586748721219,22.70644867698147,0.010226828457494319
BAT_006_Optimal_Cell,28,99.1114804815351,25.51133360168395,0.010227991023178066
BAT_006_Optimal_Cell,29,98.57957138436721,25.33829169112174,0.010451887787772604
BAT_006_Optimal_Cell,30,98.61091828888647,25.886194239297954,0.010028461425231474
BAT_006_Optimal_Cell,31,99.53234642731793,25.078595991844313,0.010766178990834428
BAT_006_Optimal_Cell,32,99.0745985468478,25.51154427347746,0.010443666832887688
BAT_006_Optimal_Cell,33,99.1761725990325,25.47860903825733,0.010190703199212645
BAT_006_Optimal_Cell,34,99.0011914729659,25.65445720559533,0.0100666359105941
BAT_006_Optimal_Cell,35,99.21163897087429,22.712525183108973,0.01032786005464404
BAT_006_Optimal_Cell,36,98.84219137801932,26.227038396927757,0.010821965872178051
BAT_006_Optimal_Cell,37,98.96706844833751,26.192297663493235,0.010241880641823362
BAT_006_Optimal_Cell,38,98.16191310611933,26.144317364874336,0.010154151161582735
BAT_006_Optimal_Cell,39,98.86623623850542,25.191432162207683,0.01121238148836409
BAT_006_Optimal_Cell,40,98.78156254005778,27.64837585328966,0.010771623453721272
BAT_006_Optimal_Cell,41,98.55574715601612,23.62978220713619,0.010100421358282059
BAT_006_Optimal_Cell,42,98.78482540052457,23.71271144946839,0.010704303619692839
BAT_006_Optimal_Cell,43,98.57672432544071,25.97747393167535,0.010520687087432463
BAT_006_Optimal_Cell,44,98.3577569204352,26.160319301288933,0.010613254421542222
BAT_006_Optimal_Cell,45,98.77369288449036,26.390528761658633,0.011094238806888597
BAT_006_Optimal_Cell,46,98.55934142122513,26.611724346125936,0.010437071096547833
BAT_006_Optimal_Cell,47,98.94790498256458,26.833646201730094,0.010902505928530294
BAT_006_Optimal_Cell,48,98.39114645774777,26.078859037299374,0.011006047903759369
BAT_006_Optimal_Cell,49,98.35373589004142,25.816866163658894,0.010716617261026459
BAT_006_Optimal_Cell,50,98.20179074966711,24.02687248852337,0.011031989444879597
BAT_006_Optimal_Cell,51,98.29125584060897,24.58544690894324,0.01126190815547867
BAT_006_Optimal_Cell,52,98.21067901374647,24.78479035467338,0.01106348070571354
BAT_006_Optimal_Cell,53,97.84227436165064,25.86736370421875,0.011006149863974092
BAT_006_Optimal_Cell,54,98.24392286264124,26.767581881238623,0.010832775758743751
BAT_006_Optimal_Cell,55,98.62041103028128,24.630591960383242,0.010404881343596158
BAT_006_Optimal_Cell,56,98.45873126761471,25.412301320441625,0.010910738358119145
BAT_006_Optimal_Cell,57,97.78655850097172,25.859020197359204,0.010498413430206275
BAT_006_Optimal_Cell,58,98.72032551172278,25.431432295715812,0.011177095044056671
BAT_006_Optimal_Cell,59,98.34482109188058,27.16142152825168,0.010941210826324061
BAT_006_Optimal_Cell,60,98.09945807031707,23.17551871220398,0.011213794454320745
BAT_006_Optimal_Cell,61,97.94609899847933,26.78391743642407,0.010835684423420476
BAT_006_Optimal_Cell,62,98.51882681488729,23.576345310923266,0.011014208165385224
BAT_006_Optimal_Cell,63,98.49964178966353,24.826961934024983,0.010923322177873418
BAT_006_Optimal_Cell,64,98.54203517054928,25.701680739607614,0.010448550189582743
BAT_006_Optimal_Cell,65,97.9070314075357,24.51694504387716,0.01098985482691114
BAT_006_Optimal_Cell,66,97.12243087149463,26.53744938351258,0.011443288760611408
BAT_006_Optimal_Cell,67,97.95496333250249,26.761450849354915,0.010373867327595364
BAT_006_Optimal_Cell,68,97.63316277426945,24.74236779761338,0.01115422602046074
BAT_006_Optimal_Cell,69,97.94271402225851,23.75198765301089,0.011298520491844042
BAT_006_Optimal_Cell,70,97.91259202954683,25.11915465902179,0.011111412185007347
BAT_006_Optimal_Cell,71,98.61005213606812,25.790212488588324,0.01087064687496438
BAT_006_Optimal_Cell,72,97.19643569527885,24.031176323759826,0.010716037598414338
BAT_006_Optimal_Cell,73,97.9629397332338,26.768767892611233,0.010741637455734258
BAT_006_Optimal_Cell,74,98.09218782072048,26.02616702609116,0.011863014647997609
BAT_006_Optimal_Cell,75,97.86142115198003,24.737553154103846,0.011328284623258321
BAT_006_Optimal_Cell,76,97.69115393787555,26.54050078461879,0.011091560037087446
BAT_006_Optimal_Cell,77,97.11026782406807,26.14456387621808,0.010884430265075858
BAT_006_Optimal_Cell,78,97.84315972808666,25.097506238560996,0.012118904895144162
BAT_006_Optimal_Cell,79,97.78323768199682,24.792196142358975,0.010567004302099945
BAT_006_Optimal_Cell,80,97.77256868741601,26.46580964994561,0.010891342447138054
BAT_006_Optimal_Cell,81,97.01415265377648,25.2409649423856,0.01119114133931648
BAT_006_Optimal_Cell,82,97.26021699287307,28.096850847250536,0.011056397681958473
BAT_006_Optimal_Cell,83,97.6767191445195,26.042268927924606,0.010860233245880003
BAT_006_Optimal_Cell,84,97.56238712444271,25.931322792188556,0.011457495556553945
BAT_006_Optimal_Cell,85,97.26391901375628,27.356426598866587,0.010946055578299377
BAT_006_Optimal_Cell,86,97.30227347498476,25.80423079602115,0.01175487313344396
BAT_006_Optimal_Cell,87,97.42753002404329,24.776788295448185,0.011053867888812793
BAT_006_Optimal_Cell,88,97.37078686559686,27.934496227290317,0.011241544550503994
BAT_006_Optimal_Cell,89,96.79687193825127,28.220114888745087,0.011328303246382142
BAT_006_Optimal_Cell,90,97.46678488390776,27.442180163163272,0.011046106106028315
BAT_006_Optimal_Cell,91,97.7984423897515,26.7955009853475,0.011124115308669014
BAT_006_Optimal_Cell,92,97.43148907986983,26.233371146849326,0.01120541121391755
BAT_006_Optimal_Cell,93,97.71708009938116,26.002418482413066,0.011600653796406905
BAT_006_Optimal_Cell,94,97.12266985175391,27.617344082500633,0.01129642985001158
BAT_006_Optimal_Cell,95,97.0446248104299,25.325326033088412,0.011330512292621463
BAT_006_Optimal_Cell,96,97.60884660322722,23.957302550262863,0.011922682088236618
BAT_006_Optimal_Cell,97,96.35514911293741,26.18393807000355,0.011694967246716467
BAT_006_Optimal_Cell,98,97.22533458556059,26.68114590023384,0.010991074985914267
BAT_006_Optimal_Cell,99,96.95460135414233,24.798332088124262,0.011268735674601911
BAT_006_Optimal_Cell,100,96.81366586856865,26.16541415265349,0.011740744655393789
BAT_006_Optimal_Cell,101,96.98612632105603,25.964631051963433,0.012043435063427189
BAT_006_Optimal_Cell,102,96.6445381225352,25.47573587341353,0.011557353521735885
BAT_006_Optimal_Cell,103,96.649980373873,25.378775416301565,0.010769957590516036
BAT_006_Optimal_Cell,104,96.89709078883726,26.851338102129073,0.011676607103450564
BAT_006_Optimal_Cell,105,97.01045976238163,26.246594779910456,0.011845950039804333
BAT_006_Optimal_Cell,106,96.81748518541421,27.760326501764794,0.01140707533514649
BAT_006_Optimal_Cell,107,96.76167899032114,27.08529746156566,0.011243997884431818
BAT_006_Optimal_Cell,108,96.63876000117571,28.0638262707324,0.011642020626583868
BAT_006_Optimal_Cell,109,97.16926534846966,27.420275656533885,0.01143023749678291
BAT_006_Optimal_Cell,110,96.4052853591611,25.65708801876104,0.011390016352988011
BAT_006_Optimal_Cell,111,96.75504846215017,26.312273682369735,0.012277770511449479
BAT_006_Optimal_Cell,112,96.50162105069158,25.401361907539037,0.011568242068822928
BAT_006_Optimal_Cell,113,96.63185925442309,26.56546233217707,0.011201962232850157
BAT_006_Optimal_Cell,114,96.25856833892803,28.958876172700514,0.011825080848196024
BAT_006_Optimal_Cell,115,96.9656595839596,25.221783133477548,0.011904221173037837
BAT_006_Optimal_Cell,116,96.50836054284987,28.71378194728053,0.01212315380896472
BAT_006_Optimal_Cell,117,96.12840482406064,29.616149071248238,0.011423019470188573
BAT_006_Optimal_Cell,118,97.00170533335216,23.791426653602638,0.011259994751808129
BAT_006_Optimal_Cell,119,96.45106110745641,27.540407296762282,0.01196517343951901
BAT_006_Optimal_Cell,120,96.32211887847943,26.229736392278465,0.01244162617427655
BAT_006_Optimal_Cell,121,96.27464819339455,29.077828672445964,0.011496735060849195
BAT_006_Optimal_Cell,122,96.22877565975223,24.715668425934513,0.012208552160696653
BAT_006_Optimal_Cell,123,96.15059963136059,26.43728824094494,0.011511143254473938
BAT_006_Optimal_Cell,124,96.05202684735863,25.046576709943828,0.011585934289283626
BAT_006_Optimal_Cell,125,96.03341542065496,27.089280802937786,0.011512836727335485
BAT_006_Optimal_Cell,126,96.08947088736576,28.54892073835684,0.012215272307787968
BAT_006_Optimal_Cell,127,96.40272933761895,24.224577200538455,0.011454960855876275
BAT_006_Optimal_Cell,128,96.83869950736259,24.081931412898076,0.011963576921018633
BAT_006_Optimal_Cell,129,96.2655928587022,25.924341346226296,0.01206595876611688
BAT_006_Optimal_Cell,130,96.76205965655464,28.302852250349954,0.01197100564030275
BAT_006_Optimal_Cell,131,96.30549580187025,26.26096483531858,0.011940045388854586
BAT_006_Optimal_Cell,132,95.63280240528768,27.237336385801743,0.012475546189376149
BAT_006_Optimal_Cell,133,96.04073319586809,27.60118376624855,0.012211785934754603
BAT_006_Optimal_Cell,134,96.04575225583281,26.147407661964138,0.01212915574105876
BAT_006_Optimal_Cell,135,96.0384896561163,25.0284889820417,0.012100863102294098
BAT_006_Optimal_Cell,136,96.05997457075152,25.98814016106785,0.011450453741596372
BAT_006_Optimal_Cell,137,96.13400672755749,25.434506642392467,0.012756308790470789
BAT_006_Optimal_Cell,138,96.09483206137726,25.764083394910852,0.012035872346339882
BAT_006_Optimal_Cell,139,96.27584329321935,27.10270293427892,0.012450857028067093
BAT_006_Optimal_Cell,140,96.41668958227072,25.520439271342195,0.011984764156630162
BAT_006_Optimal_Cell,141,95.9584257090662,26.856925794908918,0.011841777544489644
BAT_006_Optimal_Cell,142,96.07668188968472,25.29895390021358,0.012664037795249973
BAT_006_Optimal_Cell,143,95.89643264111378,26.533392864762394,0.011492635632422612
BAT_006_Optimal_Cell,144,95.97727525231821,26.78615045403954,0.012595120536503933
BAT_006_Optimal_Cell,145,95.57708987250321,26.826220534971867,0.011703259298683018
BAT_006_Optimal_Cell,146,95.85458978720824,25.15555398267931,0.012192839894246217
BAT_006_Optimal_Cell,147,95.36749955989056,25.180929148327554,0.012061568371499633
BAT_006_Optimal_Cell,148,95.54724978338676,26.204620899993063,0.012041475217135356
BAT_006_Optimal_Cell,149,95.6088691715153,27.429002783551276,0.011824528311776612
BAT_006_Optimal_Cell,150,95.53707320551297,26.357075169323842,0.012501656341609164
BAT_006_Optimal_Cell,151,95.45432855167927,24.677278813134247,0.012041444367583792
BAT_006_Optimal_Cell,152,95.64818500056623,25.550465003214203,0.01129915104125904
BAT_006_Optimal_Cell,153,95.56225820690011,26.549246673255354,0.012501447417414695
BAT_006_Optimal_Cell,154,95.4041850230529,28.25056377847006,0.011944595488466183
BAT_006_Optimal_Cell,155,95.6089898465121,26.084247045003632,0.012351214636882853
BAT_006_Optimal_Cell,156,95.17268610615196,25.36079177351487,0.013157341194804524
BAT_006_Optimal_Cell,157,95.2208921647766,26.655207893011337,0.012234784783360155
BAT_006_Optimal_Cell,158,95.40534993325964,28.49630588659786,0.01270100335543728
BAT_006_Optimal_Cell,159,95.32338473642646,26.670876493531743,0.012819212626024954
BAT_006_Optimal_Cell,160,94.89815232855165,25.126784163688104,0.012426578843623063
BAT_006_Optimal_Cell,161,95.22083074477588,26.591895407898384,0.012049990681878772
BAT_006_Optimal_Cell,162,95.5211662805633,28.125091480871276,0.012778711905554652
BAT_006_Optimal_Cell,163,95.07834128238039,26.2847827715126,0.012121106600048363
BAT_006_Optimal_Cell,164,94.91679657346207,26.364236292367753,0.011936192935032817
BAT_006_Optimal_Cell,165,94.95480821687472,25.727408151631728,0.012563743236513367
BAT_006_Optimal_Cell,166,94.97053638694435,26.049894698076486,0.013046448975761443
BAT_006_Optimal_Cell,167,94.95314551243702,26.83285925282662,0.012522252045024877
BAT_006_Optimal_Cell,168,94.9353112470543,27.26087523989017,0.012376960204271117
BAT_006_Optimal_Cell,169,94.86906890452684,28.313049286815733,0.013117250383571246
BAT_006_Optimal_Cell,170,94.88316474971987,25.292914521033413,0.012710503202014188
BAT_006_Optimal_Cell,171,95.42583679643433,26.612313469927763,0.01271167651444155
BAT_006_Optimal_Cell,172,94.56771928681364,26.330328801695334,0.012350389631088721
BAT_006_Optimal_Cell,173,95.08258724220165,28.000691774004245,0.012415507720591946
BAT_006_Optimal_Cell,174,94.88166778878097,26.27155994376514,0.01267679951267191
BAT_006_Optimal_Cell,175,94.31754114787329,26.625612886042653,0.012372744304402617
BAT_006_Optimal_Cell,176,94.80865471489399,27.340206732268236,0.012769815702420107
BAT_006_Optimal_Cell,177,95.18872500206828,28.047150991179375,0.012559285708470208
BAT_006_Optimal_Cell,178,94.92131608016756,27.649809177438033,0.013152151657423942
BAT_006_Optimal_Cell,179,94.58808373245782,25.48472461527481,0.013089433020143317
BAT_006_Optimal_Cell,180,94.93358415382588,25.573664161023345,0.01256094393007836
BAT_006_Optimal_Cell,181,95.56810398536902,30.554200501731675,0.012832817014549401
BAT_006_Optimal_Cell,182,94.39806719709924,27.71656794353945,0.012673333746597794
BAT_006_Optimal_Cell,183,94.93100987468578,27.026731566673245,0.013630537127464216
BAT_006_Optimal_Cell,184,95.06587180042429,25.839986648065832,0.013368177369691482
BAT_006_Optimal_Cell,185,95.02985536811387,27.777104146189405,0.013144296171317224
BAT_006_Optimal_Cell,186,94.61850334796866,26.17675392120708,0.012096453138675219
BAT_006_Optimal_Cell,187,95.25671750718442,25.76179092045542,0.013041664160304672
BAT_006_Optimal_Cell,188,94.15370300583412,26.629449213960463,0.012683688111909591
BAT_006_Optimal_Cell,189,95.02067186600928,25.94681781863035,0.01307127422140337
BAT_006_Optimal_Cell,190,94.38592813167034,27.15912592372167,0.013070272972887792
BAT_006_Optimal_Cell,191,94.09337934617082,28.27473612474352,0.013354948915388597
BAT_006_Optimal_Cell,192,94.31226605381715,26.7748979509992,0.012379037566310373
BAT_006_Optimal_Cell,193,94.4353632748423,26.794047801657033,0.012421250666439124
BAT_006_Optimal_Cell,194,94.55606933454474,28.304797044274093,0.013026497205495247
BAT_006_Optimal_Cell,195,94.21729070025307,28.672364912672517,0.012730254918765782
BAT_006_Optimal_Cell,196,94.51950431948252,25.56450323745175,0.013501007256387325
BAT_006_Optimal_Cell,197,94.2246068730224,26.626982271030716,0.013041582012687318
BAT_006_Optimal_Cell,198,94.24389791049948,26.22879448987584,0.013644620825988678
BAT_006_Optimal_Cell,199,93.90826408152697,25.599193896103245,0.013769738783649512
BAT_006_Optimal_Cell,200,94.30430733020275,25.49899935226691,0.013168924268161807
BAT_006_Optimal_Cell,201,94.17185404447538,28.1226905710195,0.012631859465301353
BAT_006_Optimal_Cell,202,93.79386747805191,24.35517976235689,0.013513881998387397
BAT_006_Optimal_Cell,203,94.3104385190788,27.825999614973497,0.012747112084666374
BAT_006_Optimal_Cell,204,94.20640245738295,27.04936510225735,0.013448957796445659
BAT_006_Optimal_Cell,205,93.99024820277405,27.847342990829294,0.012989400018661671
BAT_006_Optimal_Cell,206,93.49664890587052,25.803508651072786,0.01349697178799097
BAT_006_Optimal_Cell,207,94.52492187108227,26.183737454822374,0.012652171266507573
BAT_006_Optimal_Cell,208,92.99802279247547,27.30868792518791,0.013048111529883485
BAT_006_Optimal_Cell,209,93.28884940647224,26.988560158705106,0.01255713994381315
BAT_006_Optimal_Cell,210,94.24714572388316,26.181256686766826,0.013207079831509715
BAT_006_Optimal_Cell,211,94.06489236186303,27.815692207654283,0.01376118736138881
BAT_006_Optimal_Cell,212,93.36128192608209,26.84641721176067,0.014022412919496782
BAT_006_Optimal_Cell,213,93.65458963165625,27.786191697681005,0.012883241688253805
BAT_006_Optimal_Cell,214,93.29249526382664,28.079611534604837,0.013109003059632437
BAT_006_Optimal_Cell,215,93.40046656414395,25.606595143324636,0.013404182901591065
BAT_006_Optimal_Cell,216,93.26091249288238,25.901737983790238,0.013603234351205896
BAT_006_Optimal_Cell,217,94.16302407312017,27.673331270392904,0.013282550619322953
BAT_006_Optimal_Cell,218,94.09677708175109,26.785256903554277,0.013780981161121916
BAT_006_Optimal_Cell,219,93.68362616238355,26.805262613529134,0.012910792572854693
BAT_006_Optimal_Cell,220,93.61638558750234,25.189422591114933,0.014034941761681147
BAT_006_Optimal_Cell,221,94.03642449907304,28.42730322893659,0.01342592729911274
BAT_006_Optimal_Cell,222,93.62236896059792,25.253138335406703,0.01323908180608144
BAT_006_Optimal_Cell,223,93.72572439051714,26.903676210128538,0.012987553493720059
BAT_006_Optimal_Cell,224,92.89771491331128,28.03421372292534,0.013207592868201187
BAT_006_Optimal_Cell,225,93.71393164777817,24.810743325424728,0.013667173051165412
BAT_006_Optimal_Cell,226,93.97030489720248,27.379417692872067,0.013410875608810303
BAT_006_Optimal_Cell,227,93.7253892631159,27.867259659039313,0.013411457437038693
BAT_006_Optimal_Cell,228,92.80615007507849,26.390461345213723,0.013533399803993141
BAT_006_Optimal_Cell,229,93.7698955593151,26.59514714885999,0.013078552025677445
BAT_006_Optimal_Cell,230,93.35877262946194,27.331078621294715,0.013359603366439779
BAT_006_Optimal_Cell,231,93.09318779564653,26.918991295991823,0.01346153711873256
BAT_006_Optimal_Cell,232,93.75839376209673,25.255544756913345,0.01408525564212659
BAT_006_Optimal_Cell,233,93.58155617771577,26.137879308500974,0.014045417459087526
BAT_006_Optimal_Cell,234,93.58093452580529,25.97447744304396,0.013352654629368374
BAT_006_Optimal_Cell,235,93.4705987252082,26.486382881672537,0.013787319221409163
BAT_006_Optimal_Cell,236,93.2613879326375,27.57185267808306,0.013431140173406488
BAT_006_Optimal_Cell,237,93.48040070925634,27.223515003950865,0.01391617441875897
BAT_006_Optimal_Cell,238,93.44369033803619,27.10297142809696,0.013777409892428155
BAT_006_Optimal_Cell,239,93.2552966907084,27.19090334479882,0.014240452679978487
BAT_006_Optimal_Cell,240,92.56092326101759,26.330647119980938,0.013018767573358448
BAT_006_Optimal_Cell,241,92.74796470682942,25.850780453817258,0.013643038982434363
BAT_006_Optimal_Cell,242,93.06505728513905,28.58963747227637,0.013220130479730332
BAT_006_Optimal_Cell,243,92.95644996653242,27.366185716470838,0.013566424766302043
BAT_006_Optimal_Cell,244,92.87382771919297,28.129321724171334,0.013628075289802003
BAT_006_Optimal_Cell,245,92.80361189509402,27.465247411412122,0.013584268301929417
BAT_006_Optimal_Cell,246,92.95570825780689,27.862721022152943,0.013776519387404188
BAT_006_Optimal_Cell,247,93.02307775381642,30.153709179393758,0.013475893239161547
BAT_006_Optimal_Cell,248,93.09997945679397,26.436278780942004,0.013589125071989491
BAT_006_Optimal_Cell,249,93.01613668605019,26.55225698585905,0.014085936587825516
BAT_006_Optimal_Cell,250,92.90496238102116,30.429278347815142,0.013326842002334334
