Battery_ID,Cycle,Capacity,AvgVoltage,AvgCurrent,AvgTemp,SOH,Re,Rct,RUL
B0005,1,1.8564874208181574,3.5298286688693397,-1.8187019641679727,32.572328114029,100.0,0.04466870036616091,0.06945627304536996,167
B0005,1,1.8564874208181574,3.5298286688693397,-1.8187019641679727,32.572328114029,100.0,0.04668700162486933,0.07627474098530587,167
B0005,2,1.846327249719927,3.5373201277859714,-1.8175598506612867,32.72523522519307,99.45272071416714,0.044843430573346096,0.0679720560130687,166
B0005,2,1.846327249719927,3.5373201277859714,-1.8175598506612867,32.72523522519307,99.45272071416714,0.04619468955099375,0.07453388918437964,166
B0005,3,1.8353491942234077,3.5437367282719,-1.8164865418840956,32.64286193755933,98.86138595081705,0.04510114851143001,0.06852832896000328,165
B0005,4,1.8352625275821128,3.5436661072601456,-1.8255891938692528,32.51487646204882,98.85671763794173,0.04599074473076839,0.07342664108773311,164
B0005,4,1.8352625275821128,3.5436661072601456,-1.8255891938692528,32.51487646204882,98.85671763794173,0.044172075577171746,0.06804449516996176,164
B0005,5,1.8346455082120419,3.5423432526672167,-1.8261139590277586,32.38234901543077,98.82348178817772,0.0452171085992494,0.07464778408413367,163
B0005,5,1.8346455082120419,3.5423432526672167,-1.8261139590277586,32.38234901543077,98.82348178817772,0.043786628196075913,0.06845021227072765,163
B0005,6,1.8356616600675495,3.5413347346347575,-1.8168108743168803,32.43418218230641,98.87821697485944,0.04490994541365791,0.07395687603254197,162
B0005,7,1.8351461429226603,3.5410250495075215,-1.816791144707133,32.480416444757985,98.85044855913476,0.04463932198878524,0.0683410113732366,161
B0005,7,1.8351461429226603,3.5410250495075215,-1.816791144707133,32.480416444757985,98.85044855913476,0.04717044086931744,0.07208112164479205,161
B0005,8,1.8257567905665537,3.554133296801584,-1.8443412120754061,32.41046186109587,98.34468955151549,0.043558785775475374,0.06868237655872211,160
B0005,8,1.8257567905665537,3.554133296801584,-1.8443412120754061,32.41046186109587,98.34468955151549,0.04648969708635643,0.07102909339339247,160
B0005,9,1.8247738529891333,3.5529355991467955,-1.853972745505648,32.3461408313,98.29174345738105,0.04526547818261783,0.0681437253042456,159
B0005,10,1.824613268496936,3.5512057319376997,-1.8535899338510957,32.27679750791685,98.2830935473199,0.0463622366817154,0.07193029860543036,158
B0005,10,1.824613268496936,3.5512057319376997,-1.8535899338510957,32.27679750791685,98.2830935473199,0.044483715777434665,0.06782555719716843,158
B0005,11,1.8246195526864504,3.549292319740949,-1.863380178294828,32.15709350345252,98.28343204622077,0.04482791300205649,0.07288826952758304,157
B0005,11,1.8246195526864504,3.549292319740949,-1.863380178294828,32.15709350345252,98.28343204622077,0.04441416485910045,0.06885805241213436,157
B0005,12,1.8142019357673917,3.559759220648976,-1.872968810287894,32.36407129853099,97.72228539894279,0.04466450679894579,0.0727868237536811,156
B0005,13,1.8137521577549054,3.558081969139198,-1.8826095043160833,32.3181954403762,97.69805803238793,0.04453544590029642,0.06779434699116274,155
B0005,13,1.8137521577549054,3.558081969139198,-1.8826095043160833,32.3181954403762,97.69805803238793,0.04502135245555801,0.06940408185539676,155
B0005,14,1.8134404914735822,3.555692244172496,-1.882536787636365,32.15709029211502,97.68127007692816,0.04610646564263781,0.07041083307756363,154
B0005,15,1.8025980036306504,3.562746818017503,-1.8817935155260215,32.04407000314609,97.09723768751647,0.04646251600050638,0.06993774302336724,153
B0005,15,1.8025980036306504,3.562746818017503,-1.8817935155260215,32.04407000314609,97.09723768751647,0.04766732499763113,0.06870142026856427,153
B0005,16,1.80210690024615,3.5614521756489204,-1.8921861285036712,31.931593674911532,97.07078432300706,0.04772385451119983,0.06950417544214327,152
B0005,16,1.80210690024615,3.5614521756489204,-1.8921861285036712,31.931593674911532,97.07078432300706,0.04786769518725868,0.06782851501053842,152
B0005,17,1.802579500826209,3.5603420474985823,-1.9027629207037406,31.941655359029298,97.09624103091467,0.04694022963323793,0.069661211991841,151
B0005,18,1.8030683142834096,3.5591189041401865,-1.9133470605822436,31.965008645476725,97.12257104811376,0.045613419083722975,0.0690386303340568,150
B0005,18,1.8030683142834096,3.5591189041401865,-1.9133470605822436,31.965008645476725,97.12257104811376,0.04702798243208013,0.07112946749607083,150
B0005,19,1.8027776247196041,3.557886771846508,-1.9131602105481538,31.966241678512723,97.1069130069902,0.04672887233883059,0.06971129972921941,149
B0005,19,1.8027776247196041,3.557886771846508,-1.9131602105481538,31.966241678512723,97.1069130069902,0.047755380262671634,0.07167079612312527,149
B0005,20,1.8470259949329193,3.5520375235511907,-1.8553455745575975,32.37143341978575,99.49035873989017,0.04691622519628201,0.06913343554751465,148
B0005,21,1.847417311283644,3.5525668436897124,-1.8746995273150975,32.70024990461686,99.5114370594272,0.047022939446838434,0.06976696183555635,147
B0005,21,1.847417311283644,3.5525668436897124,-1.8746995273150975,32.70024990461686,99.5114370594272,0.046604793185003,0.06852215228822905,147
B0005,22,1.8361774213478947,3.556794038327039,-1.873827212788385,32.32266411829938,98.90599854098058,0.046245370477528074,0.0719248993978976,146
B0005,22,1.8361774213478947,3.556794038327039,-1.873827212788385,32.32266411829938,98.90599854098058,0.04683293993011124,0.06946896899621643,146
B0005,23,1.8257807475776242,3.5614100044534203,-1.883193546754683,31.98795810666763,98.34597999985365,0.04618610336751238,0.07193787056034481,145
B0005,24,1.8251136435078368,3.5566107947817986,-1.873239184822504,31.894456524691385,98.31004632950896,0.04624136663986422,0.06934916902797013,144
B0005,24,1.8251136435078368,3.5566107947817986,-1.873239184822504,31.894456524691385,98.31004632950896,0.04773737014313117,0.0703395836124857,144
B0005,25,1.8255815042203762,3.5586742170266272,-1.9139593751505897,31.78039681801023,98.33524772367372,0.049427483436388156,0.0695498357572787,143
B0005,25,1.8255815042203762,3.5586742170266272,-1.9139593751505897,31.78039681801023,98.33524772367372,0.04838334154876506,0.06973812701544792,143
B0005,26,1.8140311275083907,3.564103182686905,-1.9030532722310995,31.688747146342205,97.71308478400267,0.04747841688797767,0.06488297170955903,142
B0005,27,1.8147691941158939,3.559588063594272,-1.9134590742247914,31.596747992569153,97.75284086310275,0.048037510039299486,0.07012511424776673,141
B0005,27,1.8147691941158939,3.559588063594272,-1.9134590742247914,31.596747992569153,97.75284086310275,0.047703621105183044,0.06859813037774799,141
B0005,28,1.813969388710352,3.556833231052199,-1.913620909902553,31.565586498787077,97.70975921350076,0.048086960073381944,0.0697134641311117,140
B0005,28,1.813969388710352,3.556833231052199,-1.913620909902553,31.565586498787077,97.70975921350076,0.04815104655957722,0.06772207819825936,140
B0005,29,1.802765665167823,3.5624410850948944,-1.9025819745719061,31.59124667045208,97.10626880376819,0.04754728174038817,0.07318009891168203,139
B0005,30,1.804077040117352,3.5591407106855666,-1.9130621638638965,31.603485399391182,97.17690623092355,0.04759013382319219,0.06914272874669278,138
B0005,30,1.804077040117352,3.5591407106855666,-1.9130621638638965,31.603485399391182,97.17690623092355,0.04764092098948851,0.07165247326552959,138
B0005,31,1.8518025516704486,3.5573161327793144,-1.920618117118412,31.91556385491565,99.74764875349146,0.04764024061757782,0.06898277923910441,137
B0005,31,1.8518025516704486,3.5573161327793144,-1.920618117118412,31.91556385491565,99.74764875349146,0.04842436953177311,0.07249983749010006,137
B0005,32,1.8307038456739428,3.561870782772737,-1.9298830859597569,32.081128118597164,98.61116348782737,0.04893386185534073,0.06795990180113623,136
B0005,33,1.8199041089501267,3.5617586337260088,-1.9293005284805407,31.849792632896243,98.02943389447215,0.04943074564871873,0.0701407541984291,135
B0005,33,1.8199041089501267,3.5617586337260088,-1.9293005284805407,31.849792632896243,98.02943389447215,0.049323007176718225,0.06895642914528509,135
B0005,34,1.8093079637028517,3.5597307651083123,-1.923330987770314,31.465690433362017,97.45867078945713,0.04974822543014387,0.07112993844977841,134
B0005,34,1.8093079637028517,3.5597307651083123,-1.923330987770314,31.465690433362017,97.45867078945713,0.04912202877042455,0.06890956847456893,134
B0005,35,1.80460990458052,3.5575937553540915,-1.9284469980320087,31.40934895665031,97.20560906279802,0.04988486594475391,0.07198302765125617,133
B0005,36,1.7993770651972192,3.5597237883937995,-1.9231439161693824,31.902247475518077,96.92374130950105,0.047859449246718755,0.06977255608528674,132
B0005,36,1.7993770651972192,3.5597237883937995,-1.9231439161693824,31.902247475518077,96.92374130950105,0.04921638093217895,0.07146374397937286,132
B0005,37,1.7884432335370462,3.559061771422033,-1.9170149640438081,31.649024294808623,96.33478867036308,0.04887229013423192,0.06876809153866811,131
B0005,37,1.7884432335370462,3.559061771422033,-1.9170149640438081,31.649024294808623,96.33478867036308,0.04994593893656341,0.07088704261645878,131
B0005,38,1.7829230484252723,3.557015527748059,-1.922048805055383,31.48874626238971,96.03744299218224,0.048296439195350184,0.0673151471016695,130
B0005,39,1.7730337158018288,3.5562481933590964,-1.9162302821549877,31.329995610092634,95.50475246530081,0.048969605147940264,0.07178168505217358,129
B0005,39,1.7730337158018288,3.5562481933590964,-1.9162302821549877,31.329995610092634,95.50475246530081,0.04814709226602492,0.0684158918231915,129
B0005,40,1.773037755078937,3.5532756526091784,-1.9220800182578983,31.569551201845574,95.50497004162602,0.05022937602514056,0.0718319241428618,128
B0005,40,1.773037755078937,3.5532756526091784,-1.9220800182578983,31.569551201845574,95.50497004162602,0.04845430020206581,0.06777935051052719,128
B0005,41,1.7678721106662054,3.556266431640255,-1.9162417890311958,32.111426258867944,95.22672175646096,0.04971526662508074,0.07139027154395669,127
B0005,42,1.7623150704093087,3.5563095420140822,-1.9158809823517762,32.271676011112376,94.92739086983165,0.04868025293328389,0.06583444846364324,126
B0005,42,1.7623150704093087,3.5563095420140822,-1.9158809823517762,32.271676011112376,94.92739086983165,0.04913216601843565,0.0724518691988788,126
B0005,43,1.7676172924938447,3.558950851054106,-1.9114406265753041,31.842291659678658,95.21299593373234,0.049918728983506716,0.06876463309502395,125
B0005,44,1.762668359743147,3.5534418211598053,-1.9158166997544155,31.759815453754253,94.94642085785509,0.04920968322529824,0.07304025099509703,124
B0005,44,1.762668359743147,3.5534418211598053,-1.9158166997544155,31.759815453754253,94.94642085785509,0.04943664953959982,0.06892300885560772,124
B0005,45,1.7517304870664143,3.5510121537420285,-1.9151304155635374,31.41911167391793,94.35725054869607,0.04950631616559385,0.07251082944035009,123
B0005,45,1.7517304870664143,3.5510121537420285,-1.9151304155635374,31.41911167391793,94.35725054869607,0.04940333988784369,0.06864846238725138,123
B0005,46,1.7418496047960008,3.551317608213948,-1.9148485784393638,31.331626572312267,93.82501520146927,0.04865176277959679,0.07201762091170956,122
B0005,47,1.7360913511847138,3.549003180550162,-1.9144128654409127,31.35934131425137,93.51484592444021,0.04915501980244644,0.06913086863703587,121
B0005,47,1.7360913511847138,3.549003180550162,-1.9144128654409127,31.35934131425137,93.51484592444021,0.04916575568371288,0.07316993618002728,121
B0005,48,1.7936240148573608,3.5597648340955175,-1.9388813849818083,34.31088483888259,96.61385230754256,0.04870161283727027,0.06859455507457586,120
B0005,48,1.7936240148573608,3.5597648340955175,-1.9388813849818083,34.31088483888259,96.61385230754256,0.04923427342088277,0.07277120733743579,120
B0005,49,1.7831890223273275,3.5623454342368555,-1.927509725704535,33.43585640373788,96.05176972012408,0.04885677345766941,0.06871570767989431,119
B0005,50,1.7673642076278957,3.558336657621618,-1.9267185977839403,32.66698125020078,95.19936347583841,0.0505475864921389,0.07270866794574943,118
B0005,50,1.7673642076278957,3.558336657621618,-1.9267185977839403,32.66698125020078,95.19936347583841,0.0506497585783765,0.06853536104799454,118
B0005,51,1.7570177850353066,3.554013138622869,-1.9261308349663746,32.28423408691397,94.64205172265511,0.050118814742107526,0.07301041089661342,117
B0005,51,1.7570177850353066,3.554013138622869,-1.9261308349663746,32.28423408691397,94.64205172265511,0.04913242687695094,0.0693303248319639,117
B0005,52,1.7468706179837907,3.552376095886298,-1.9202346781375206,32.00739178780946,94.09547290193551,0.049792567319026114,0.07343650361620202,116
B0005,53,1.7417172507457144,3.549618661283733,-1.9201011498853633,32.06387071886056,93.81788592880078,0.049633135916243465,0.06881429671018138,115
B0005,53,1.7417172507457144,3.549618661283733,-1.9201011498853633,32.06387071886056,93.81788592880078,0.049865378066600005,0.0732133898164959,115
B0005,54,1.7364225056478186,3.54938103086703,-1.9144278105456467,32.43754560319043,93.53268361401415,0.048921290356402275,0.06883931362761586,114
B0005,54,1.7364225056478186,3.54938103086703,-1.9144278105456467,32.43754560319043,93.53268361401415,0.049811932785538866,0.07459618605206403,114
B0005,55,1.7263217239235826,3.5472118680418956,-1.908340706503589,32.16809876635083,92.988603346571,0.04975125749803476,0.06863892419996058,113
B0005,56,1.7158065389330133,3.5467052098640246,-1.902207182631691,32.05752645824972,92.42220117908766,0.04850673488997184,0.07458309776342148,112
B0005,56,1.7158065389330133,3.5467052098640246,-1.902207182631691,32.05752645824972,92.42220117908766,0.04915918196298162,0.06906734479973246,112
B0005,57,1.710533351135192,3.544629653883431,-1.9020484449938713,31.975920928072714,92.13816005181208,0.050023074203339506,0.0736638387977965,111
B0005,57,1.710533351135192,3.544629653883431,-1.9020484449938713,31.975920928072714,92.13816005181208,0.04970808709656559,0.06830006146095657,111
B0005,58,1.706014499648521,3.5436291614253204,-1.8964907679062355,32.21689335291319,91.89475137389712,0.05020469043786587,0.07371885821597624,110
B0005,59,1.7003110272642588,3.5444946147995258,-1.895971437908019,32.55632993697177,91.58753289666399,0.048950660803835325,0.06963267386152323,109
B0005,59,1.7003110272642588,3.5444946147995258,-1.895971437908019,32.55632993697177,91.58753289666399,0.04975857340773159,0.07465617760875586,109
B0005,60,1.6945798601797895,3.5409201846556857,-1.8899648799839277,32.40048085325998,91.27882263985312,0.049808396255372756,0.06902298762939403,108
B0005,60,1.6945798601797895,3.5409201846556857,-1.8899648799839277,32.40048085325998,91.27882263985312,0.04968675503783295,0.07355425821939737,108
B0005,61,1.6849029086609286,3.541195668799061,-1.8893703824420507,32.29371860868794,90.75757205607074,0.05059411389974348,0.06858328460478416,107
B0005,62,1.6744741591159717,3.540671044783382,-1.8776883243431417,32.136071448067796,90.19582574806932,0.04995005707049774,0.0746229428074614,106
B0005,62,1.6744741591159717,3.540671044783382,-1.8776883243431417,32.136071448067796,90.19582574806932,0.04984421041201089,0.07014070107890119,106
B0005,63,1.6745692479879102,3.5376048790268775,-1.8831065986697755,32.38268549723498,90.2009477257823,0.050282564251258356,0.07360391142336822,105
B0005,63,1.6745692479879102,3.5376048790268775,-1.8831065986697755,32.38268549723498,90.2009477257823,0.05006270229203594,0.06979118038789997,105
B0005,64,1.663716375981405,3.538422485261741,-1.876359921441716,32.30899951427637,89.6163559916933,0.04992007781904663,0.074642062777058,104
B0005,65,1.659013868748246,3.53928626988912,-1.8709550260104437,32.56636929496716,89.3630546668135,0.04921445916482306,0.06990836301107425,103
B0005,65,1.659013868748246,3.53928626988912,-1.8709550260104437,32.56636929496716,89.3630546668135,0.05007996435013632,0.07547710929281527,103
B0005,66,1.6538540573335014,3.533690170241391,-1.8705599868289542,32.46542951751835,89.08512057704355,0.054692185026359336,0.07464599360022733,102
B0005,66,1.6538540573335014,3.533690170241391,-1.8705599868289542,32.46542951751835,89.08512057704355,0.05487320211540928,0.07934403644117197,102
B0005,67,1.642653782130131,3.534367734544495,-1.8640049795794804,32.347056454418095,88.48181591266643,0.05415675281078651,0.07505843667743599,101
B0005,68,1.6378578430223698,3.5312941932103548,-1.8636932149873204,32.371538940646154,88.22348186450748,0.055240499862766274,0.08002359358228964,100
B0005,68,1.6378578430223698,3.5312941932103548,-1.8636932149873204,32.371538940646154,88.22348186450748,0.054542809780562286,0.07592379199991395,100
B0005,69,1.6327350407099108,3.5309134771684274,-1.857820396301907,32.45549347979197,87.94754127611387,0.055080368328742545,0.08045008161921993,99
B0005,69,1.6327350407099108,3.5309134771684274,-1.857820396301907,32.45549347979197,87.94754127611387,0.053398671864258646,0.07562889610038578,99
B0005,70,1.6277528915533617,3.5287226893409893,-1.8572160981955346,32.50017194695606,87.67917699307695,0.05484578494342528,0.08099527914390654,98
B0005,71,1.622125485521159,3.52625493581969,-1.8568340008006827,32.50100298369444,87.37605584239753,0.055453259476974714,0.0748392292244765,97
B0005,71,1.622125485521159,3.52625493581969,-1.8568340008006827,32.50100298369444,87.37605584239753,0.05808949268604193,0.07900611376190819,97
B0005,72,1.6113256603765849,3.528684324337005,-1.8448886500218815,32.4728927422438,86.79432148624366,0.05703849864055661,0.07445419405660497,96
B0005,73,1.6065631397488385,3.525556939424901,-1.8444180038305806,32.50480154634882,86.53778753000239,0.05639999430512618,0.08181491967012575,95
B0005,73,1.6065631397488385,3.525556939424901,-1.8444180038305806,32.50480154634882,86.53778753000239,0.056951772502699796,0.07706935596260868,95
B0005,74,1.6015142233917594,3.5226805646793737,-1.8438790389835118,32.51218336210202,86.26582682073705,0.057159147914507935,0.08086696623694065,94
B0005,74,1.6015142233917594,3.5226805646793737,-1.8438790389835118,32.51218336210202,86.26582682073705,0.05595864562729926,0.07609569637070202,94
B0005,75,1.590369231400328,3.524673458789008,-1.83711254029409,32.45692821941515,85.66549999565574,0.056998793862942924,0.08250100764416027,93
B0005,76,1.5857889968242211,3.5213155754526824,-1.8315957075983758,32.447059186431154,85.4187849075412,0.05699010907560385,0.07648289029638874,92
B0005,76,1.5857889968242211,3.5213155754526824,-1.8315957075983758,32.447059186431154,85.4187849075412,0.05791594677751306,0.08175057083151278,92
B0005,77,1.5849430707374117,3.51803386486462,-1.8311195242792309,32.32889654966259,85.37321895986369,0.057000769180639774,0.07741124519885696,91
B0005,77,1.5849430707374117,3.51803386486462,-1.8311195242792309,32.32889654966259,85.37321895986369,0.0585831887959693,0.08269416457353587,91
B0005,78,1.5955263892495937,3.5236841955396794,-1.8432799764914718,32.84488475360107,85.94329115068511,0.05728256542976495,0.07692027721215688,90
B0005,79,1.5747301747801037,3.519146638240668,-1.829798505957538,32.31731555011648,84.82309964083233,0.05684411239635824,0.082272625759776,89
B0005,79,1.5747301747801037,3.519146638240668,-1.829798505957538,32.31731555011648,84.82309964083233,0.0589529203196688,0.07735170203997428,89
B0005,80,1.5649019950937946,3.516233648608237,-1.8236746835609148,32.06376130177751,84.29370312695895,0.05667203462955093,0.08291573296417665,88
B0005,80,1.5649019950937946,3.516233648608237,-1.8236746835609148,32.06376130177751,84.29370312695895,0.058223361510524915,0.07615092115486195,88
B0005,81,1.5597659473370362,3.514773138461639,-1.8176720770210877,32.21997626855924,84.01704907053151,0.057798377106990255,0.07518971733166918,87
B0005,82,1.5594815668184234,3.5132992979150073,-1.8179238657973993,32.7120225448885,84.00173086716403,0.05869361561103209,0.08099673983388944,86
B0005,82,1.5594815668184234,3.5132992979150073,-1.8179238657973993,32.7120225448885,84.00173086716403,0.0581005359089264,0.07604639902387582,86
B0005,83,1.55468935359061,3.514484830704665,-1.817160673909645,32.945022147355694,83.74359751414073,0.05687355099054793,0.08079234772463807,85
B0005,83,1.55468935359061,3.514484830704665,-1.817160673909645,32.945022147355694,83.74359751414073,0.057819391216989646,0.07620792252066097,85
B0005,84,1.5488741079890418,3.5109677353595243,-1.8110297241968543,32.857549597381336,83.43035835418966,0.058401226760293384,0.0816166339541188,84
B0005,85,1.538236598942558,3.5109358749578012,-1.8094435644526072,32.629663328789654,82.85736718133292,0.05729597585562558,0.07603115808018222,83
B0005,85,1.538236598942558,3.5109358749578012,-1.8094435644526072,32.629663328789654,82.85736718133292,0.05713926164978321,0.08203042743610463,83
B0005,86,1.527914258251028,3.509393098217416,-1.8026537331443495,32.379859014262976,82.30135260370756,0.057011915661303356,0.07793753101024108,82
B0005,86,1.527914258251028,3.509393098217416,-1.8026537331443495,32.379859014262976,82.30135260370756,0.056846750542401,0.08430934905296765,82
B0005,87,1.5285252629756445,3.5066782411556563,-1.8031542757366414,32.68215852457039,82.33426447360578,0.05739160457574554,0.07732083011265528,81
B0005,88,1.522647325284378,3.5109885623008092,-1.7965666438696486,32.99387423636739,82.01764839394087,0.05971458306876328,0.08128077873787101,80
B0005,88,1.522647325284378,3.5109885623008092,-1.7965666438696486,32.99387423636739,82.01764839394087,0.05669401159445664,0.07756322518442982,80
B0005,89,1.5174859938489869,3.510305462695178,-1.7959771394311956,33.04539707211165,81.73963242800902,0.057876489486257204,0.0827621596207595,79
B0005,89,1.5174859938489869,3.510305462695178,-1.7959771394311956,33.04539707211165,81.73963242800902,0.05711363659055292,0.07889973426640497,79
B0005,90,1.605818899130659,3.5222215314850214,-1.822916991757235,32.856295641052824,86.49769888680268,0.057106052592570886,0.08389339159553517,78
B0005,91,1.5638491446744425,3.5163492154331264,-1.8294275689587538,33.33950238056361,84.23699116610504,0.058410674041032944,0.07787942798165798,77
B0005,91,1.5638491446744425,3.5163492154331264,-1.8294275689587538,33.33950238056361,84.23699116610504,0.05832440115222774,0.0823356083860003,77
B0005,92,1.5480915247767786,3.5134397623234963,-1.816317296828028,33.35156485472646,83.38820438085877,0.057206589538471034,0.07814181670188959,76
B0005,92,1.5480915247767786,3.5134397623234963,-1.816317296828028,33.35156485472646,83.38820438085877,0.05853988727737317,0.08259957408588693,76
B0005,93,1.5323755631868592,3.515137522009075,-1.8033689952639713,33.147486361012966,82.54166152720488,0.0568695950036647,0.07851971117292988,75
B0005,94,1.5269528268489705,3.50830390643132,-1.802670753119494,33.007275861749356,82.24956494324317,0.057610002271573896,0.08361769407052744,74
B0005,94,1.5269528268489705,3.50830390643132,-1.802670753119494,33.007275861749356,82.24956494324317,0.05758927754908643,0.07858483851402417,74
B0005,95,1.5169573017136326,3.509190808443004,-1.7958941337499832,32.91990812745461,81.71115433925789,0.05687744083786221,0.08453629957179691,73
B0005,95,1.5169573017136326,3.509190808443004,-1.7958941337499832,32.91990812745461,81.71115433925789,0.05841225795718409,0.07816622903600336,73
B0005,96,1.5118975960142693,3.5068097579555353,-1.795344963527795,32.99903328622305,81.43861246029738,0.058982855797460765,0.07840869791471827,72
B0005,97,1.5065638960681105,3.50609090727422,-1.7893518988259454,33.03772281691292,81.1513118362076,0.06019789084807145,0.08377346645248043,71
B0005,97,1.5065638960681105,3.50609090727422,-1.7893518988259454,33.03772281691292,81.1513118362076,0.05843281496253658,0.07878612106344238,71
B0005,98,1.5015453526671363,3.5037157727265953,-1.7883879159763685,33.07740307192613,80.88098717121403,0.05988352416265757,0.08361156763608181,70
B0005,99,1.4908444050400238,3.5067479961367156,-1.7815447770741009,33.05467981523988,80.30457886878683,0.06081675929565647,0.08038388778322308,69
B0005,99,1.4908444050400238,3.5067479961367156,-1.7815447770741009,33.05467981523988,80.30457886878683,0.058875120497055886,0.08370562422038381,69
B0005,100,1.485868384561201,3.5058813026542324,-1.7753115642966961,33.11570360624461,80.03654470798278,0.058641305762534054,0.07856327599613487,68
B0005,100,1.485868384561201,3.5058813026542324,-1.7753115642966961,33.11570360624461,80.03654470798278,0.05844518592952695,0.0843513765148262,68
B0005,101,1.480413677976106,3.504168333530808,-1.7742377662318358,33.12942148982364,79.74272604140161,0.05925711282693887,0.08002743252583437,67
B0005,102,1.4752095869031632,3.5030568931470634,-1.773860289771637,33.130681310493344,79.46240682056631,0.06055121054997781,0.08328051476741821,66
B0005,102,1.4752095869031632,3.5030568931470634,-1.773860289771637,33.130681310493344,79.46240682056631,0.05877801771423867,0.07918337546950212,66
B0005,103,1.4859035988304024,3.4982324882487936,-1.7809702419814517,33.20069210329718,80.03844153038008,0.05995025589217596,0.0831904359131708,65
B0005,103,1.4859035988304024,3.4982324882487936,-1.7809702419814517,33.20069210329718,80.03844153038008,0.05835227769750316,0.07964710418735362,65
B0005,104,1.4960918298136696,3.5065859365661325,-1.7879098523188452,33.78697527817091,80.58723226653154,0.05956501303684226,0.08487011380929321,64
B0005,105,1.4808005946928984,3.501457140697961,-1.780229415660985,33.673365085761986,79.76356737393388,0.058938187317504366,0.07953792065559018,63
B0005,105,1.4808005946928984,3.501457140697961,-1.780229415660985,33.673365085761986,79.76356737393388,0.059853349010250065,0.08473917663733575,63
B0005,106,1.4697543268466824,3.501658387162809,-1.7731015168894209,33.535818118317145,79.168558341158,0.0584896827626018,0.07964370546866237,62
B0005,106,1.4697543268466824,3.501658387162809,-1.7731015168894209,33.535818118317145,79.168558341158,0.05874548029308314,0.08711721350349075,62
B0005,107,1.4539012274845928,3.4966186408455298,-1.7705879947441516,33.32269982188509,78.31462853887025,0.06134060755888107,0.07733665024296885,61
B0005,108,1.4541462067235693,3.4991645719433246,-1.7600629827474803,33.346230327490304,78.32782438583529,0.06083767084489383,0.08490902777488013,60
B0005,108,1.4541462067235693,3.4991645719433246,-1.7600629827474803,33.346230327490304,78.32782438583529,0.05834271794334396,0.07994246159333938,60
B0005,109,1.455023751906683,3.496080777360074,-1.765575132998529,33.64948900485925,78.37509350133121,0.05993762786815949,0.08479950183605617,59
B0005,109,1.455023751906683,3.496080777360074,-1.765575132998529,33.64948900485925,78.37509350133121,0.05979534226516758,0.07964682734703848,59
B0005,110,1.449042163761236,3.4959014526387993,-1.7588271887545277,33.79269513542102,78.05289427291893,0.05959588691816853,0.08518775171680287,58
B0005,111,1.4386709371480566,3.49758697990267,-1.7516428147438297,33.52446663707275,77.49424644709048,0.05920398197966059,0.08007181105183933,57
B0005,111,1.4386709371480566,3.49758697990267,-1.7516428147438297,33.52446663707275,77.49424644709048,0.058400743519397356,0.08632938236969102,57
B0005,112,1.433445432156979,3.4956989619989507,-1.7513097768253418,33.39042251934235,77.21277376203588,0.06134389439332634,0.07989290542746168,56
B0005,112,1.433445432156979,3.4956989619989507,-1.7513097768253418,33.39042251934235,77.21277376203588,0.06260506440345279,0.08502111899525971,56
B0005,113,1.4333958900838095,3.492875380810072,-1.7511840784846122,33.67370212742761,77.21010517012333,0.05881986188457543,0.07914854798469835,55
B0005,114,1.42806487344776,3.49551076423368,-1.7446206812145286,33.91080564765892,76.92294908297353,0.06115195391732467,0.08485577620272611,54
B0005,114,1.42806487344776,3.49551076423368,-1.7446206812145286,33.91080564765892,76.92294908297353,0.060462461899175826,0.08092668356466791,54
B0005,115,1.4229203181741186,3.4942333590450834,-1.7436362428649814,33.7850680599871,76.64583676775116,0.059630601199984506,0.0850345675980089,53
B0005,115,1.4229203181741186,3.4942333590450834,-1.7436362428649814,33.7850680599871,76.64583676775116,0.06160738568225919,0.08020127504914304,53
B0005,116,1.417429032731308,3.491197414255986,-1.7425325036061032,33.61126807392732,76.35004777498811,0.060986669920577066,0.08583976882422588,52
B0005,117,1.412409228794446,3.4889094081576237,-1.7419837011363046,33.45598581472246,76.07965521102183,0.060802701783849895,0.08185255727094856,51
B0005,117,1.412409228794446,3.4889094081576237,-1.7419837011363046,33.45598581472246,76.07965521102183,0.06100425704109886,0.08588436114872877,51
B0005,118,1.412578792940193,3.487376295811431,-1.7421680980861822,33.723267448788484,76.08878881159706,0.06147075614169803,0.08170752156365965,50
B0005,118,1.412578792940193,3.487376295811431,-1.7421680980861822,33.723267448788484,76.08878881159706,0.06232914782727364,0.08822161138920462,50
B0005,119,1.4075983731469897,3.491994243745711,-1.735841378420618,34.050076369857344,75.82051768100095,0.062141039518508724,0.08177099146255969,49
B0005,120,1.4333920485221476,3.491585878898649,-1.7567879869499758,33.889346908026745,77.20989824377314,0.061502762788551504,0.0872699062901812,48
B0005,120,1.4333920485221476,3.491585878898649,-1.7567879869499758,33.889346908026745,77.20989824377314,0.059631149799839814,0.08257600572707498,48
B0005,121,1.4382550176792908,3.495576227046425,-1.7573176114092575,34.067648550088656,77.47184287655712,0.06141907994833745,0.08720378292525818,47
B0005,121,1.4382550176792908,3.495576227046425,-1.7573176114092575,34.067648550088656,77.47184287655712,0.061083512551729904,0.08239994758407483,47
B0005,122,1.4173547174485526,3.4938988589692483,-1.7427628393326555,33.75168100943646,76.34604477007024,0.06121665145307191,0.0872819262712242,46
B0005,123,1.406981663677643,3.49159162968384,-1.7352637407600366,33.46482299584788,75.78729852409039,0.06148387399714281,0.08269579716686087,45
B0005,123,1.406981663677643,3.49159162968384,-1.7352637407600366,33.46482299584788,75.78729852409039,0.062704070176938,0.08679111809854424,45
B0005,124,1.4012037783587625,3.4885729299834787,-1.7344350518111926,33.40210697922146,75.47607178190572,0.0617088861822979,0.08329169748855401,44
B0005,124,1.4012037783587625,3.4885729299834787,-1.7344350518111926,33.40210697922146,75.47607178190572,0.06172613583587411,0.0883779260119075,44
B0005,125,1.3967008232726328,3.4869021151089825,-1.7280392046289716,33.410688917712235,75.23351936621818,0.06088889899741356,0.08311038310685015,43
B0005,126,1.391284788852726,3.4855485210036417,-1.7326888725308258,33.38984948261314,74.94178378216989,0.06185223703499693,0.08697922184678317,42
B0005,126,1.391284788852726,3.4855485210036417,-1.7326888725308258,33.38984948261314,74.94178378216989,0.06106743458543022,0.08375435203587812,42
B0005,127,1.3862287677978349,3.4838912547260388,-1.7260735249920125,33.3700433438796,74.66944037718937,0.06310358102659182,0.08852234569242505,41
B0005,128,1.3804366761974138,3.483198941484065,-1.7195393742714093,33.27215987470977,74.35744841131499,0.06084445004689351,0.08308225537417147,40
B0005,128,1.3804366761974138,3.483198941484065,-1.7195393742714093,33.27215987470977,74.35744841131499,0.06228746060457266,0.08923087570947913,40
B0005,129,1.3752364150256224,3.4836274447098883,-1.7185829844462923,33.222444215660225,74.07733548873459,0.06351594916063175,0.08411816433198452,39
B0005,129,1.3752364150256224,3.4836274447098883,-1.7185829844462923,33.222444215660225,74.07733548873459,0.06270549893166993,0.08838724457648714,39
B0005,130,1.3705128024895008,3.480172442538601,-1.717672415155695,33.26207748383125,73.82289732324247,0.05609876336075707,0.0751803131352498,38
B0005,131,1.3705085566270399,3.478452148610975,-1.7177080769362936,33.312029905516525,73.8226686191633,0.053286381622558374,0.08156856568421471,37
B0005,131,1.3705085566270399,3.478452148610975,-1.7177080769362936,33.312029905516525,73.8226686191633,0.05438777538615831,0.07604192318654494,37
B0005,132,1.3647355108681518,3.4785782556105507,-1.7109669363015376,33.25287943255863,73.51170256067292,0.05293147474045376,0.08275693411495888,36
B0005,132,1.3647355108681518,3.4785782556105507,-1.7109669363015376,33.25287943255863,73.51170256067292,0.054476476622608364,0.07673140547029404,36
B0005,133,1.375392016895762,3.4825195584604582,-1.7184206130755166,33.745054045019884,74.08571700903981,0.05588929297745871,0.08226321054006082,35
B0005,134,1.3861115151535393,3.4886823636752826,-1.7260471943596487,33.88841975386692,74.6631245442362,0.05599607903184257,0.07651440849093617,34
B0005,134,1.3861115151535393,3.4886823636752826,-1.7260471943596487,33.88841975386692,74.6631245442362,0.05841778368115902,0.08029809490533976,34
B0005,135,1.3698500035838939,3.4858502383832755,-1.712021613408506,33.7353756996425,73.78719555127383,0.052279965818119264,0.07486615123258515,33
B0005,135,1.3698500035838939,3.4858502383832755,-1.712021613408506,33.7353756996425,73.78719555127383,0.056411433170262516,0.0819223123309917,33
B0005,136,1.3647827949260758,3.478794177297151,-1.711022510206629,33.59131052719714,73.5142495242232,0.05350804531294866,0.07610419438082021,32
B0005,137,1.3543220466259964,3.4812826020756744,-1.703421414006958,33.32366688599416,72.95077959801873,0.05568015964086863,0.08177399086572994,31
B0005,137,1.3543220466259964,3.4812826020756744,-1.703421414006958,33.32366688599416,72.95077959801873,0.053892806183993766,0.07778309560578801,31
B0005,138,1.3546417018378962,3.480352041587074,-1.703574708739156,33.691961507697364,72.96799787853683,0.056210257603528525,0.08328067168438782,30
B0005,138,1.3546417018378962,3.480352041587074,-1.703574708739156,33.691961507697364,72.96799787853683,0.05500261254176024,0.0770552542641119,30
B0005,139,1.3547039213192407,3.4781127815565127,-1.7034912994217157,33.887639684793655,72.97134934112401,0.05579452141186236,0.0829501208969064,29
B0005,140,1.349314997503458,3.4765867130506125,-1.7023383270190764,33.67308060941856,72.68107407422197,0.055477936916064945,0.07700167355105111,28
B0005,140,1.349314997503458,3.4765867130506125,-1.7023383270190764,33.67308060941856,72.68107407422197,0.057799714665998925,0.08190303229216056,28
B0005,141,1.3441891937970554,3.4733769291841643,-1.7014238498912502,33.411988203265814,72.40497181525036,0.055131598162180676,0.07705565644815345,27
B0005,141,1.3441891937970554,3.4733769291841643,-1.7014238498912502,33.411988203265814,72.40497181525036,0.05577529472858128,0.08294674118422612,27
B0005,142,1.3389913790695755,3.4726366397371127,-1.6950436046971957,33.29926524979532,72.12499067079483,0.05581143896033036,0.07655193817591452,26
B0005,143,1.3389145230206971,3.473439372740961,-1.695057731610264,33.59980731390034,72.1208508070922,0.056559391313402284,0.08237490117893426,25
B0005,143,1.3389145230206971,3.473439372740961,-1.695057731610264,33.59980731390034,72.1208508070922,0.05517339070760031,0.07730223904611441,25
B0005,144,1.3340066759761655,3.4754777099091454,-1.6937809113323188,33.61961195858585,71.8564888195292,0.05334424687864744,0.08448562230827522,24
B0005,144,1.3340066759761655,3.4754777099091454,-1.6937809113323188,33.61961195858585,71.8564888195292,0.05620338276580351,0.07843574895859332,24
B0005,145,1.3286444309174914,3.4722884821666766,-1.6869434054016965,33.3945201718652,71.56765060826295,0.056262478978249195,0.0830662312193171,23
B0005,146,1.3231708992276219,3.471373665098864,-1.6860649112944592,33.16734508187535,71.27281792431958,0.054122848764169285,0.07853439066990606,22
B0005,146,1.3231708992276219,3.471373665098864,-1.6860649112944592,33.16734508187535,71.27281792431958,0.05339424998746291,0.08335635527903888,22
B0005,147,1.3181691588445197,3.4726160162875095,-1.6795829780331424,33.10962161613893,71.00339835664494,0.05545823824882687,0.07866069372174239,21
B0005,147,1.3181691588445197,3.4726160162875095,-1.6795829780331424,33.10962161613893,71.00339835664494,0.05854525235071128,0.08836885185980756,21
B0005,148,1.3184664436640334,3.4738146874457896,-1.679793840292355,33.46501751186519,71.01941165230103,0.057849417299627566,0.08078773867849699,20
B0005,149,1.318293040102702,3.4701426486639693,-1.6851739865098712,33.4426191014044,71.01007124097441,0.05861499608457943,0.0815465143150512,19
B0005,149,1.318293040102702,3.4701426486639693,-1.6851739865098712,33.4426191014044,71.01007124097441,0.06142385686894261,0.08496390395839584,19
B0005,150,1.323872422244268,3.467523652225441,-1.6863812036302581,33.037928170775885,71.3106055768929,0.05514590684509453,0.08131922130895523,18
B0005,150,1.323872422244268,3.467523652225441,-1.6863812036302581,33.037928170775885,71.3106055768929,0.05952338030179974,0.08720833121299235,18
B0005,151,1.3601216766554785,3.4767525840839255,-1.715777469309528,33.4949493613756,73.26317762261326,0.060395218506932496,0.08118649064632041,17
B0005,152,1.3395306867947354,3.4758956827369127,-1.7007216920098716,33.491363029025784,72.1540405700353,0.05926159085880675,0.08777868669454861,16
B0005,152,1.3395306867947354,3.4758956827369127,-1.7007216920098716,33.491363029025784,72.1540405700353,0.05837332151817875,0.08168688613354813,16
B0005,153,1.3290286565120697,3.475812179626641,-1.6928138295817332,33.329808599922345,71.58834698305493,0.05952378458944331,0.08843007755224046,15
B0005,153,1.3290286565120697,3.475812179626641,-1.6928138295817332,33.329808599922345,71.58834698305493,0.058915317530095296,0.08242888973447615,15
B0005,154,1.3236741274998955,3.4746554404904435,-1.6861104874993165,33.27302769298771,71.29992439790138,0.05967664811705819,0.08584374973711092,14
B0005,155,1.318633896753293,3.472301781313945,-1.685043785043406,33.229879126701434,71.02843154047166,0.05679308055986898,0.08277241951062583,13
B0005,155,1.318633896753293,3.472301781313945,-1.685043785043406,33.229879126701434,71.02843154047166,0.05975988463048883,0.08662483639594361,13
B0005,156,1.3134751321324272,3.4729305773503527,-1.678524839793589,33.20860833999321,70.75055383642601,0.061548802456462645,0.08166650115809095,12
B0005,157,1.3132020634442203,3.4696192030612285,-1.6839115230941766,33.236115055926255,70.73584494666221,0.05950259165745283,0.08636882918668189,11
B0005,157,1.3132020634442203,3.4696192030612285,-1.6839115230941766,33.236115055926255,70.73584494666221,0.05815785715365463,0.08076638409033879,11
B0005,158,1.3077959946944353,3.470018470757559,-1.6773783325850857,33.18660088296571,70.4446461650727,0.05955598055289399,0.08821831541627395,10
B0005,158,1.3077959946944353,3.470018470757559,-1.6773783325850857,33.18660088296571,70.4446461650727,0.05998242374388253,0.08040837607181418,10
B0005,159,1.3030329186405918,3.470762691935287,-1.676425373206175,33.174058099115534,70.18808229071344,0.05949136479118529,0.08873029794077426,9
B0005,160,1.3033573559038205,3.468111467035994,-1.67627880896028,33.253984518546055,70.20555815721221,0.06032121649663735,0.080340961111739,8
B0005,160,1.3033573559038205,3.468111467035994,-1.67627880896028,33.253984518546055,70.20555815721221,0.06052114924707915,0.08753623977970666,8
B0005,161,1.3034100438655642,3.4648625780221494,-1.6817992883033976,33.3198093248819,70.20839620292978,0.05960681398165175,0.08219508357127864,7
B0005,161,1.3034100438655642,3.4648625780221494,-1.6817992883033976,33.3198093248819,70.20839620292978,0.05982677899726283,0.08853801860235527,7
B0005,162,1.2978870806495706,3.467864133752208,-1.6750812261110137,33.33765795318198,69.9109008817086,0.061154671315268125,0.0812995137183745,6
B0005,163,1.2980735056918902,3.464021404592563,-1.675366426273468,33.29076744042025,69.92094269724848,0.057944393691446945,0.08890519876854222,5
B0005,163,1.2980735056918902,3.464021404592563,-1.675366426273468,33.29076744042025,69.92094269724848,0.05499483450370441,0.08325251281361706,5
B0005,164,1.293463613844243,3.4664623858156745,-1.6744879201095209,33.27568841807217,69.67263011532883,0.06175931225184275,0.0847212726764891,4
B0005,164,1.293463613844243,3.4664623858156745,-1.6744879201095209,33.27568841807217,69.67263011532883,0.058456129317427746,0.08270193673891646,4
B0005,165,1.288003392619118,3.46850906693551,-1.6674467270234996,33.32067807371405,69.37851440175622,0.05898908039586478,0.08573621892771217,3
B0005,166,1.2874525221379407,3.466806213058136,-1.6674702882406252,33.37314972896719,69.34884167276275,0.05880084419395591,0.08236983437565949,2
B0005,166,1.2874525221379407,3.466806213058136,-1.6674702882406252,33.37314972896719,69.34884167276275,0.05763029720163586,0.08742389347930328,2
B0005,167,1.3090153642307354,3.471070722008039,-1.6888978346592105,33.71351889594897,70.5103277055252,0.05898388938334406,0.08252211755101288,1
B0005,167,1.3090153642307354,3.471070722008039,-1.6888978346592105,33.71351889594897,70.5103277055252,0.057823749393303175,0.08975687046479841,1
B0005,168,1.3250793286429356,3.475472204020004,-1.6979281889133206,33.86531768239223,71.37561578838873,0.05003573195803179,0.07479234613687553,0
B0006,1,2.035337591005598,3.556946061827572,-1.990533350635129,32.142777859921516,100.0,0.06123359021000344,0.0785415394665875,167
B0006,1,2.035337591005598,3.556946061827572,-1.990533350635129,32.142777859921516,100.0,0.06561684946388616,0.0886832084583472,167
B0006,2,2.0251402460314116,3.56147580138708,-1.990277542145709,32.29307515705474,99.49898508143073,0.06062991544979002,0.07802409378290423,166
B0006,2,2.0251402460314116,3.56147580138708,-1.990277542145709,32.29307515705474,99.49898508143073,0.0626250732462495,0.08533725531470857,166
B0006,3,2.013326371345464,3.5667524696413215,-1.9899467848963859,32.24414709253608,98.91854698908898,0.0608598716542857,0.07840240203025303,165
B0006,4,2.0132846655407413,3.5687953371516272,-1.9896009282099438,32.14711742429942,98.91649790372313,0.062249571082343746,0.08440849663820382,164
B0006,4,2.0132846655407413,3.5687953371516272,-1.9896009282099438,32.14711742429942,98.91649790372313,0.06006450818180178,0.07807093382204865,164
B0006,5,2.000528337624771,3.563970503289941,-1.9895483606575701,32.06687277315468,98.28975529491258,0.062201023860373954,0.08437084638397113,163
B0006,5,2.000528337624771,3.563970503289941,-1.9895483606575701,32.06687277315468,98.28975529491258,0.05913130853407464,0.07795570757873038,163
B0006,6,2.0138990759931645,3.5735512387791406,-1.9901040351037365,32.03447836207717,98.9466850557287,0.06207350175489952,0.0838418603746595,162
B0006,7,2.013101105626967,3.5711391343785897,-1.9900886222380372,32.11157496697372,98.907479256665,0.06059698754511872,0.07938182566133384,161
B0006,7,2.013101105626967,3.5711391343785897,-1.9900886222380372,32.11157496697372,98.907479256665,0.06200595535926761,0.08243346882486241,161
B0006,8,1.9687898262728398,3.5681507462163036,-1.9891170520197212,32.112576242471775,96.73038197560734,0.0604355089729667,0.07949409294266127,160
B0006,8,1.9687898262728398,3.5681507462163036,-1.9891170520197212,32.112576242471775,96.73038197560734,0.06251817310661875,0.08413790663872997,160
B0006,9,1.9681661764334244,3.5692834155812436,-1.9892116643905464,32.03566207329278,96.69974087497759,0.0598822703747387,0.07871218357298479,159
B0006,10,1.9572307917560536,3.563388513484579,-1.989191243247005,31.99527968872302,96.16246466459876,0.060953270532872306,0.08269288603896705,158
B0006,10,1.9572307917560536,3.563388513484579,-1.989191243247005,31.99527968872302,96.16246466459876,0.06058721482266893,0.07989533922911993,158
B0006,11,1.9455991514129352,3.566658719765511,-1.9891317699701738,31.874127571841353,95.59098009149795,0.06236564071812447,0.08389054593182355,157
B0006,11,1.9455991514129352,3.566658719765511,-1.9891317699701738,31.874127571841353,95.59098009149795,0.06090836519034555,0.0797490751361702,157
B0006,12,1.9347505044841131,3.5687035970122842,-1.9887805507702212,32.120959708576166,95.05796547137973,0.0623876560738503,0.08427447476572261,156
B0006,13,1.9232799539368028,3.569207084156356,-1.9887320866401275,32.11021168908644,94.49439554578115,0.060369152473069135,0.08014506815871338,155
B0006,13,1.9232799539368028,3.569207084156356,-1.9887320866401275,32.11021168908644,94.49439554578115,0.06209144685667864,0.08164302964777198,155
B0006,14,1.911889930948487,3.5659271296109383,-1.9887200290368634,31.989061278918154,93.93478209204011,0.06356536156604609,0.08150834385680611,154
B0006,15,1.9010667141979305,3.5612417270649486,-1.9887874042287874,31.878814448635442,93.40301690486008,0.06232003183337441,0.08021169162372531,153
B0006,15,1.9010667141979305,3.5612417270649486,-1.9887874042287874,31.878814448635442,93.40301690486008,0.06294168193775251,0.08199172562670037,153
B0006,16,1.8891989948061458,3.557881987836072,-1.9885910895930397,31.767450711024402,92.81993331989463,0.06189122330035962,0.08120805787615462,152
B0006,16,1.8891989948061458,3.557881987836072,-1.9885910895930397,31.767450711024402,92.81993331989463,0.0628654066217946,0.08144682676052387,152
B0006,17,1.878278372248849,3.56282437243777,-1.9884892463229662,31.78991634963658,92.2833824005014,0.06171642129064926,0.08150165216580176,151
B0006,18,1.8675697161520206,3.5591953280168633,-1.9883474274444874,31.82883467218067,91.75724579573611,0.06291524637705144,0.08277116642147596,150
B0006,18,1.8675697161520206,3.5591953280168633,-1.9883474274444874,31.82883467218067,91.75724579573611,0.06199878481176484,0.08138761044036787,150
B0006,19,1.8675892574453767,3.5580906165580983,-1.9774549866256104,31.890449470827843,91.75820589657847,0.06307762333013402,0.08287146905081498,149
B0006,19,1.8675892574453767,3.5580906165580983,-1.9774549866256104,31.890449470827843,91.75820589657847,0.06250406054880163,0.08169124692338582,149
B0006,20,1.979626548250818,3.565899462157853,-1.9892347833261184,31.51177053595285,97.26281070025072,0.0627995855607608,0.0818468337271938,148
B0006,21,1.9575499080884022,3.570814209348872,-1.9890474874073771,31.874488497680712,96.17814345585967,0.06201388686472383,0.08131610081343171,147
B0006,21,1.9575499080884022,3.570814209348872,-1.9890474874073771,31.874488497680712,96.17814345585967,0.06308360062643197,0.08264257683503572,147
B0006,22,1.9458150170787551,3.5666817833633124,-1.988682950523383,31.53911453638972,95.6015859814876,0.06183019217410585,0.08120435160553863,146
B0006,22,1.9458150170787551,3.5666817833633124,-1.988682950523383,31.53911453638972,95.6015859814876,0.06313290641362876,0.0837217579093773,146
B0006,23,1.9242461121680094,3.5668392745025836,-1.9885447318884866,31.220866832188786,94.5418647339628,0.06282694657880761,0.08347157844651079,145
B0006,24,1.9459811331421641,3.571051969392875,-1.9885639445355097,31.119005145018026,95.60974757905957,0.06336352421336121,0.0837975537463188,144
B0006,24,1.9459811331421641,3.571051969392875,-1.9885639445355097,31.119005145018026,95.60974757905957,0.06349817571333986,0.08385488671663242,144
B0006,25,1.901407930553079,3.5666308474029793,-1.9880563928902786,31.033244078156734,93.41978151219875,0.06264078681571249,0.08299028292337617,143
B0006,25,1.901407930553079,3.5666308474029793,-1.9880563928902786,31.033244078156734,93.41978151219875,0.060945139936148515,0.082015904986437,143
B0006,26,1.878674213680085,3.5527392240854914,-1.9772969675547487,31.001249222460967,92.3028308415357,0.06395085325023771,0.0832684036551876,142
B0006,27,1.8683061328264219,3.5560959755046615,-1.9771693646864965,30.921434744041356,91.79342734506018,0.0639175801612165,0.08216571708748939,141
B0006,27,1.8683061328264219,3.5560959755046615,-1.9771693646864965,30.921434744041356,91.79342734506018,0.061914442984428886,0.0827944269463386,141
B0006,28,1.8560244070082998,3.5504500858303394,-1.9660385076397233,30.929360248207214,91.19000283836426,0.06223664045181756,0.08227519539898062,140
B0006,28,1.8560244070082998,3.5504500858303394,-1.9660385076397233,30.929360248207214,91.19000283836426,0.06368589032225634,0.08410980261203092,140
B0006,29,1.8451997961855777,3.546007083640312,-1.9445990482746272,31.00810965793079,90.65816915777205,0.06203106446308808,0.08319177703888532,139
B0006,30,1.857228890885317,3.554257954720065,-1.9769156942357176,30.96779499306422,91.24918141799353,0.06394139531038306,0.08439590554803003,138
B0006,30,1.857228890885317,3.554257954720065,-1.9769156942357176,30.96779499306422,91.24918141799353,0.06250649038034015,0.08426848073493345,138
B0006,31,1.9247760889090635,3.555857469677978,-1.9997552547832569,31.10097217303459,94.56790349742867,0.06334074841835481,0.08443325960211569,137
B0006,31,1.9247760889090635,3.555857469677978,-1.9997552547832569,31.10097217303459,94.56790349742867,0.06261533272747599,0.0839721783477321,137
B0006,32,1.8822317526092551,3.5537306734803207,-1.9884344406296768,31.307368922041046,92.47761948322794,0.0659851482712769,0.08205908433058269,136
B0006,33,1.855276687885587,3.5452650003621513,-1.9771310999966942,31.131339987164562,91.15326597829659,0.0645724621588098,0.08034229300933068,135
B0006,33,1.855276687885587,3.5452650003621513,-1.9771310999966942,31.131339987164562,91.15326597829659,0.06584265367322818,0.08228467898593818,135
B0006,34,1.8392508917181876,3.538408778928339,-1.965705768920947,30.828713779105055,90.36588818710266,0.06368615846693702,0.08236363977175419,134
B0006,34,1.8392508917181876,3.538408778928339,-1.965705768920947,30.828713779105055,90.36588818710266,0.06586299475840429,0.08404816384807184,134
B0006,35,1.8185396073994429,3.5297688311332673,-1.9542494702422435,30.761533072057244,89.34830346748316,0.06291209789909709,0.08214102281998399,133
B0006,36,1.8134770059567056,3.5300676840423306,-1.9490605727432448,31.30305692941581,89.09956824708976,0.06445446289569287,0.08372729247372598,132
B0006,36,1.8134770059567056,3.5300676840423306,-1.9490605727432448,31.30305692941581,89.09956824708976,0.06366741172107057,0.08296956725555057,132
B0006,37,1.7971018450305436,3.5248882875629555,-1.9373547119632697,31.06432144678013,88.29502550201761,0.06449971024722613,0.08439116060930645,131
B0006,37,1.7971018450305436,3.5248882875629555,-1.9373547119632697,31.06432144678013,88.29502550201761,0.06454586928056331,0.08390558187210605,131
B0006,38,1.7810046294120476,3.5190926887152725,-1.9312604088713479,30.96654665282149,87.50413873759919,0.06462222077599941,0.08347874261289515,130
B0006,39,1.7710130422682329,3.5151810230271,-1.925413982519257,30.826455697992966,87.01323309187394,0.06441730776729335,0.08332080296168762,129
B0006,39,1.7710130422682329,3.5151810230271,-1.925413982519257,30.826455697992966,87.01323309187394,0.06535744633615422,0.08372284778321133,129
B0006,40,1.7604712448170943,3.514029112834162,-1.9198444871883995,31.080769482413952,86.49529456915789,0.06517362934686399,0.08478155339352322,128
B0006,40,1.7604712448170943,3.514029112834162,-1.9198444871883995,31.080769482413952,86.49529456915789,0.0657374096950185,0.08640081854624075,128
B0006,41,1.7502913788006587,3.514139684003936,-1.908733158939213,31.694287817425337,85.9951384249673,0.06359515956336817,0.08418492196132377,127
B0006,42,1.7394925037732578,3.509578354212467,-1.90276801874341,31.875581783696685,85.46456919285944,0.06569551042223239,0.08528415424415496,126
B0006,42,1.7394925037732578,3.509578354212467,-1.90276801874341,31.875581783696685,85.46456919285944,0.06528547500729169,0.08605041403439097,126
B0006,43,1.7546766553637203,3.5110708693292705,-1.9093247566511207,31.543288143901563,86.21059538809914,0.06608858001407364,0.08697381626854853,125
B0006,44,1.7659390941842175,3.5159179315855056,-1.9306372167933323,31.420983409991024,86.7639403894526,0.06653396257005847,0.08674821993371198,124
B0006,44,1.7659390941842175,3.5159179315855056,-1.9306372167933323,31.420983409991024,86.7639403894526,0.0673918549622027,0.0861118887620564,124
B0006,45,1.7337887419624838,3.50585340727078,-1.907114151507875,31.15837149963786,85.18433254632082,0.06634112534272091,0.08720558299891104,123
B0006,45,1.7337887419624838,3.50585340727078,-1.907114151507875,31.15837149963786,85.18433254632082,0.0671457542138853,0.08632770749811566,123
B0006,46,1.713325912040734,3.5010379345914444,-1.8953541357988335,31.15661421699882,84.17895486292434,0.06590996191117977,0.08712834097374948,122
B0006,47,1.7024077813673466,3.497407662636496,-1.8892713805954209,31.206611383963253,83.64252637451848,0.06656218407046685,0.0876302548566821,121
B0006,47,1.7024077813673466,3.497407662636496,-1.8892713805954209,31.206611383963253,83.64252637451848,0.06605623626692969,0.08756285633165226,121
B0006,48,1.82371946178183,3.5388872766749144,-1.9819359924929794,33.61169282822636,89.60279954741002,0.06683041793365703,0.0881304972895854,120
B0006,48,1.82371946178183,3.5388872766749144,-1.9819359924929794,33.61169282822636,89.60279954741002,0.06590274256382748,0.08820859113319164,120
B0006,49,1.8081284050314708,3.5327430295356828,-1.9653277079992455,32.85630077141311,88.83678132914206,0.0671228648017542,0.08952481378716437,119
B0006,50,1.7757610945034283,3.521214759733266,-1.9470636598230844,32.210981559158874,87.246513912519,0.06791172070092616,0.08831509615303365,118
B0006,50,1.7757610945034283,3.521214759733266,-1.9470636598230844,32.210981559158874,87.246513912519,0.06804767963498151,0.08818918574404519,118
B0006,51,1.7447409841836798,3.5093111439506677,-1.9241628426386395,31.965090081650274,85.72243699983238,0.06674377333784236,0.08857968181390717,117
B0006,51,1.7447409841836798,3.5093111439506677,-1.9241628426386395,31.965090081650274,85.72243699983238,0.06787371479427354,0.08934891169767059,117
B0006,52,1.729207034132373,3.50716091973708,-1.9124470439353747,31.744801840189538,84.95922454210778,0.06641297510611752,0.0895032370200492,116
B0006,53,1.7081086552553244,3.500928918686389,-1.8950209973545986,31.876564068962466,83.92262113192731,0.06842378612071928,0.0901555365219136,115
B0006,53,1.7081086552553244,3.500928918686389,-1.8950209973545986,31.876564068962466,83.92262113192731,0.06686868471567307,0.08981021390663306,115
B0006,54,1.6975954237461768,3.4973019898820894,-1.8837082435178907,32.24289319481841,83.40608610817466,0.06826417312265938,0.09040770934408239,114
B0006,54,1.6975954237461768,3.4973019898820894,-1.8837082435178907,32.24289319481841,83.40608610817466,0.0675638979208385,0.09093282660720825,114
B0006,55,1.6820634524029463,3.4929038301187156,-1.8716651994380054,32.07305565938816,82.64297086813447,0.06774703943897442,0.0901563443871731,113
B0006,56,1.6714768322295086,3.488659224822318,-1.8654809345089407,32.030140929891196,82.1228301199745,0.06767916633501396,0.09097518732194294,112
B0006,56,1.6714768322295086,3.488659224822318,-1.8654809345089407,32.030140929891196,82.1228301199745,0.06860934588238804,0.09068687374298401,112
B0006,57,1.6607591387047655,3.4822930804774015,-1.8592903578575999,31.984935871368258,81.59624948921793,0.0679726933427561,0.09232410955240872,111
B0006,57,1.6607591387047655,3.4822930804774015,-1.8592903578575999,31.984935871368258,81.59624948921793,0.06856628257658516,0.09028017093370612,111
B0006,58,1.651121015038069,3.477575664197982,-1.848156298789804,32.23677365476226,81.12271017518528,0.06833354741887734,0.09201668954083403,110
B0006,59,1.6401349256190927,3.4787436506489255,-1.8415742473538441,32.56097148037261,80.58294274458677,0.06838165618496082,0.09097113788599188,109
B0006,59,1.6401349256190927,3.4787436506489255,-1.8415742473538441,32.56097148037261,80.58294274458677,0.06885136093381199,0.0925822548520223,109
B0006,60,1.6291999416165441,3.4740152461288862,-1.8297533943331723,32.48984985901219,80.04568622012265,0.06936455209326015,0.09111307751610045,108
B0006,60,1.6291999416165441,3.4740152461288862,-1.8297533943331723,32.48984985901219,80.04568622012265,0.06906646906873301,0.0934909607320899,108
B0006,61,1.6088496302961666,3.4718387718772696,-1.8170860697729954,32.42612199208859,79.04583678923177,0.06981284024900297,0.09154323806605419,107
B0006,62,1.6035244898969248,3.463180130644551,-1.8111560774496664,32.29984271249387,78.78420253146665,0.06870914709601504,0.09387730518518865,106
B0006,62,1.6035244898969248,3.463180130644551,-1.8111560774496664,32.29984271249387,78.78420253146665,0.06972534834514055,0.09161565328372992,106
B0006,63,1.5989712144027983,3.463469391967206,-1.8113056300795982,32.610757585145336,78.56049146190021,0.06952595566680789,0.09418623001298362,105
B0006,63,1.5989712144027983,3.463469391967206,-1.8113056300795982,32.610757585145336,78.56049146190021,0.06923026401542158,0.09233738103251986,105
B0006,64,1.5876273123575604,3.46021805164007,-1.803802475704306,32.25699351958767,78.0031440176547,0.06825231466048369,0.09343980119280403,104
B0006,65,1.5829719744686166,3.462574876665621,-1.7982439953659044,32.47193402838835,77.77441842886215,0.06891786116947377,0.09149357719093887,103
B0006,65,1.5829719744686166,3.462574876665621,-1.7982439953659044,32.47193402838835,77.77441842886215,0.06960330384223117,0.09561343002331575,103
B0006,66,1.567137636713563,3.4537077937586056,-1.7857963808615818,32.40219271195366,76.99644735295674,0.07057714520177544,0.0924269028093456,102
B0006,66,1.567137636713563,3.4537077937586056,-1.7857963808615818,32.40219271195366,76.99644735295674,0.06944383967261045,0.09508674404018921,102
B0006,67,1.5613446139713882,3.4514035349888337,-1.7850748194527644,32.30987415652578,76.71182514739364,0.06983595497026351,0.09248565148585214,101
B0006,68,1.5511711892790419,3.450781146333252,-1.7785916660457872,32.35440526839345,76.21198547768459,0.0692409257238966,0.09541147475162996,100
B0006,68,1.5511711892790419,3.450781146333252,-1.7785916660457872,32.35440526839345,76.21198547768459,0.06990013486335687,0.09343565348198297,100
B0006,69,1.5406741606295171,3.446105572450592,-1.7727874712030285,32.4731363791227,75.69624653118686,0.07018023704211739,0.09580053634249773,99
B0006,69,1.5406741606295171,3.446105572450592,-1.7727874712030285,32.4731363791227,75.69624653118686,0.07073773149658581,0.09452066543188685,99
B0006,70,1.5253138744624433,3.4418152533277144,-1.7601807681971697,32.52334649341759,74.94156650980108,0.07032112501568692,0.09530176637205882,98
B0006,71,1.5301570318067428,3.445008015985666,-1.7653027883569699,32.518264823491045,75.17952002501654,0.07084182825182998,0.09379226536803063,97
B0006,71,1.5301570318067428,3.445008015985666,-1.7653027883569699,32.518264823491045,75.17952002501654,0.06930780981897802,0.09454813120638911,97
B0006,72,1.5246566834474087,3.441164687975023,-1.7593486488770236,32.5437072434024,74.90927746753414,0.07177894475349142,0.09233933765862073,96
B0006,73,1.5145492986655427,3.443620591429828,-1.7526167898737661,32.562223096007365,74.4126824640059,0.07066012489753228,0.09558033908197718,95
B0006,73,1.5145492986655427,3.443620591429828,-1.7526167898737661,32.562223096007365,74.4126824640059,0.07090729696873323,0.0926979751716576,95
B0006,74,1.509391504602082,3.439943269617906,-1.7516949849801624,32.58978020040808,74.15927024943012,0.07048796563268331,0.09637484690828765,94
B0006,74,1.509391504602082,3.439943269617906,-1.7516949849801624,32.58978020040808,74.15927024943012,0.07018463941503206,0.09351139693183291,94
B0006,75,1.5039974333050705,3.43602719305159,-1.7510429704034998,32.57089563557426,73.89424928579005,0.071253157527167,0.09693308592499948,93
B0006,76,1.4935201918040188,3.436309312279291,-1.7388746112390865,32.537854347094196,73.37948251946334,0.07186743983607999,0.09465159812302526,92
B0006,76,1.4935201918040188,3.436309312279291,-1.7388746112390865,32.537854347094196,73.37948251946334,0.07290881656804299,0.0968587759009549,92
B0006,77,1.4876323024497422,3.430470227771154,-1.738622547139575,32.65645090520509,73.09019933714036,0.07182020327017155,0.09406289629370085,91
B0006,77,1.4876323024497422,3.430470227771154,-1.738622547139575,32.65645090520509,73.09019933714036,0.0725103674563298,0.09660159139822988,91
B0006,78,1.5302876214401704,3.4417311090871063,-1.7870762809520677,33.180785234653264,75.18593614163545,0.07177478049617578,0.09532003488084542,90
B0006,79,1.5040760088360112,3.4355429213552537,-1.7612682208672186,32.71220835503141,73.89810985080334,0.07088794010729621,0.09740741420439394,89
B0006,79,1.5040760088360112,3.4355429213552537,-1.7612682208672186,32.71220835503141,73.89810985080334,0.07036836968833657,0.09274330283644272,89
B0006,80,1.4887593608730894,3.4272336842373576,-1.7545532300777185,32.543943889007906,73.14557385723607,0.07141473238066469,0.09614920599785416,88
B0006,80,1.4887593608730894,3.4272336842373576,-1.7545532300777185,32.543943889007906,73.14557385723607,0.07075152805097641,0.09048196250260114,88
B0006,81,1.4782779285546637,3.4307536518687556,-1.7364250156958492,32.6655410721976,72.63060118809538,0.07083150479026026,0.09066604075689752,87
B0006,82,1.478459982215684,3.430880434209888,-1.7371686757879778,33.160922870564626,72.63954583009604,0.07030413873328058,0.0930529362512398,86
B0006,82,1.478459982215684,3.430880434209888,-1.7371686757879778,33.160922870564626,72.63954583009604,0.07118362015441645,0.0928235588614077,86
B0006,83,1.473214844899973,3.431984614031654,-1.7358183569582517,33.414445545408455,72.38184227571321,0.07156671814928477,0.09367023927457886,85
B0006,83,1.473214844899973,3.431984614031654,-1.7358183569582517,33.414445545408455,72.38184227571321,0.07131586967408446,0.09263070337895823,85
B0006,84,1.4675164935067897,3.426913589626702,-1.7297302660430056,33.3541679486525,72.10187145326269,0.07235057565104601,0.09440345976365576,84
B0006,85,1.4516292657521335,3.4220422356705154,-1.7278671098991139,33.13634596100404,71.32130179126342,0.07082699476931537,0.09249135121320001,83
B0006,85,1.4516292657521335,3.4220422356705154,-1.7278671098991139,33.13634596100404,71.32130179126342,0.07033788263426383,0.09507092273616935,83
B0006,86,1.4519237720967177,3.4202687142856667,-1.7269073147637581,32.92241762841388,71.33577144710263,0.0712990567757895,0.09306498833833467,82
B0006,86,1.4519237720967177,3.4202687142856667,-1.7269073147637581,32.92241762841388,71.33577144710263,0.07148316063857231,0.09546831610525248,82
B0006,87,1.4471484694777745,3.4248208106770663,-1.7211995934038338,33.20338483123576,71.10115176336829,0.07153178049404317,0.09395541657590765,81
B0006,88,1.4468538105659885,3.4234990883192666,-1.721141114732718,33.533950654066935,71.08667461161282,0.07177878179971342,0.09678915937102545,80
B0006,88,1.4468538105659885,3.4234990883192666,-1.721141114732718,33.533950654066935,71.08667461161282,0.07210470131692288,0.09426903728901763,80
B0006,89,1.4416741930284678,3.4247420964314874,-1.7200547727480755,33.5767934055627,70.8321901683239,0.07217659052012376,0.09731548106056298,79
B0006,89,1.4416741930284678,3.4247420964314874,-1.7200547727480755,33.5767934055627,70.8321901683239,0.07254046891986726,0.09511625677952429,79
B0006,90,1.5935866593100128,3.450702139255875,-1.8210481343824243,33.224088400657315,78.2959380474406,0.07275773932145782,0.09742370041141407,78
B0006,91,1.5463902376915637,3.4480475429907522,-1.821445703423604,33.37083344726966,75.9770882494014,0.07242420049463154,0.09419821095899443,77
B0006,91,1.5463902376915637,3.4480475429907522,-1.821445703423604,33.37083344726966,75.9770882494014,0.07161196696477634,0.09618267512171286,77
B0006,92,1.51470559175661,3.4399481891896455,-1.7899159936953069,33.43366634309322,74.42036144029748,0.07177274897642728,0.09431269324325077,76
B0006,92,1.51470559175661,3.4399481891896455,-1.7899159936953069,33.43366634309322,74.42036144029748,0.07236285655797875,0.09800608224040097,76
B0006,93,1.4989786083335404,3.434112914501242,-1.7769345930773324,33.28676739403043,73.64766488653811,0.07197325031942853,0.09403994753481937,75
B0006,94,1.4831110745410492,3.4325600940363916,-1.7640032117743045,33.14347737377552,72.86806282628963,0.07217187946582546,0.09754420653220938,74
B0006,94,1.4831110745410492,3.4325600940363916,-1.7640032117743045,33.14347737377552,72.86806282628963,0.07218496036569667,0.09436432368311946,74
B0006,95,1.4729664825468278,3.4270614887575657,-1.7571701008871028,33.11021541795579,72.36963976177928,0.07327514105662862,0.09816756377374604,73
B0006,95,1.4729664825468278,3.4270614887575657,-1.7571701008871028,33.11021541795579,72.36963976177928,0.07255344400984245,0.09400039614590885,73
B0006,96,1.4627604396099307,3.427340316812041,-1.7502670210777267,33.18991802149879,71.86819749578868,0.07279898453381024,0.0935192293551594,72
B0006,97,1.4518364681062514,3.423482197888437,-1.7439614243216512,33.26265398635676,71.33148203630158,0.0737422116355231,0.09682011701371697,71
B0006,97,1.4518364681062514,3.423482197888437,-1.7439614243216512,33.26265398635676,71.33148203630158,0.07230626414964644,0.09373318368991343,71
B0006,98,1.4468670644030392,3.4220957701069374,-1.736850855663561,33.299978841087025,71.08732579778997,0.07351181896001253,0.09784840606777727,70
B0006,99,1.441380399427779,3.421883545422636,-1.7360045229798653,33.31663547841367,70.81775553094546,0.0731481609531371,0.09450117088751923,69
B0006,99,1.441380399427779,3.421883545422636,-1.7360045229798653,33.31663547841367,70.81775553094546,0.07363095072187217,0.09872074778143794,69
B0006,100,1.431210744960774,3.4195777411151886,-1.729690117077797,33.39150630507064,70.31810109956534,0.07258698856788243,0.0942767204381327,68
B0006,100,1.431210744960774,3.4195777411151886,-1.729690117077797,33.39150630507064,70.31810109956534,0.07483720295528123,0.09855595497783809,68
B0006,101,1.4260247179525716,3.4175281789596474,-1.7287954627467013,33.41522427488497,70.06330174681324,0.07231062653103708,0.09437378694839117,67
B0006,102,1.420487649966195,3.4197860540725715,-1.7216729981632184,33.39690850726103,69.79125508434085,0.07422880685868813,0.09794583413307753,66
B0006,102,1.420487649966195,3.4197860540725715,-1.7216729981632184,33.39690850726103,69.79125508434085,0.07185660712942502,0.09376323440193435,66
B0006,103,1.4207006230355006,3.4171369298988705,-1.7228162229694663,33.73731993653,69.80171885557206,0.07359262883289279,0.09794263420249376,65
B0006,103,1.4207006230355006,3.4171369298988705,-1.7228162229694663,33.73731993653,69.80171885557206,0.07355530338796804,0.09481493549893713,65
B0006,104,1.452255804330839,3.4305347141293625,-1.7486639022205694,34.08965316576344,71.35208482113887,0.07428961541366103,0.09782803971993742,64
B0006,105,1.431557632772571,3.4250844180972875,-1.7345160724760178,33.9987286593769,70.33514435633658,0.07377742233884306,0.09550761968799028,63
B0006,105,1.431557632772571,3.4250844180972875,-1.7345160724760178,33.9987286593769,70.33514435633658,0.07436247289279864,0.100297485432866,63
B0006,106,1.415015751158943,3.4171339862792935,-1.7271570233190525,33.907397114007345,69.52241030736464,0.07280893667527459,0.09466825353513973,62
B0006,106,1.415015751158943,3.4171339862792935,-1.7271570233190525,33.907397114007345,69.52241030736464,0.07308819155500623,0.10028552688952369,62
B0006,107,1.4097311506517451,3.417521467040602,-1.7305179027385762,33.70518417605219,69.26276785146193,0.07423988397360735,0.09455851844360653,61
B0006,108,1.404917318129309,3.4181623236680356,-1.7141443638380731,33.7458832944166,69.02625512041874,0.07390565956199621,0.10034826354300655,60
B0006,108,1.404917318129309,3.4181623236680356,-1.7141443638380731,33.7458832944166,69.02625512041874,0.07351251053388887,0.09455928328741696,60
B0006,109,1.395164296571563,3.420331935905118,-1.7067823273466607,34.01657212624259,68.54707065486149,0.07406486350284623,0.09903658397481056,59
B0006,109,1.395164296571563,3.420331935905118,-1.7067823273466607,34.01657212624259,68.54707065486149,0.07290767778143425,0.09500166880506605,59
B0006,110,1.3945343832614077,3.4192916311692465,-1.7063596521950202,34.175023374593785,68.51612181802287,0.07434066648007011,0.10067908230747398,58
B0006,111,1.3893171179312644,3.414352330355796,-1.7052696591517462,33.976109677640174,68.25978766720687,0.07276351441984508,0.0952721862664049,57
B0006,111,1.3893171179312644,3.414352330355796,-1.7052696591517462,33.976109677640174,68.25978766720687,0.0749835856113319,0.1003809603504959,57
B0006,112,1.3838379472327809,3.412701167144591,-1.7046265574439607,33.84150372451663,67.99058560840852,0.07280904458053215,0.09417469896249388,56
B0006,112,1.3838379472327809,3.412701167144591,-1.7046265574439607,33.84150372451663,67.99058560840852,0.07363422580248341,0.10034341350119641,56
B0006,113,1.3736814238195123,3.410409522809144,-1.6985503106996724,34.1008464215818,67.4915763306282,0.07366216781831048,0.09401252729903897,55
B0006,114,1.3786059891863676,3.414419320260644,-1.6982347588599789,34.34663683304219,67.73352957654757,0.07495654638579109,0.0986748779007716,54
B0006,114,1.3786059891863676,3.414419320260644,-1.6982347588599789,34.34663683304219,67.73352957654757,0.07300473215689747,0.09488419183565079,54
B0006,115,1.3737600299108574,3.4131710032395315,-1.6971165805711328,34.216231530637586,67.49543839713218,0.075132937700244,0.09988518450397564,53
B0006,115,1.3737600299108574,3.4131710032395315,-1.6971165805711328,34.216231530637586,67.49543839713218,0.07456415358800406,0.09465513038241297,53
B0006,116,1.3682580583942712,3.4107019261975147,-1.6959199401004303,34.041617020161176,67.22511609085237,0.07592804413673004,0.10032970664387303,52
B0006,117,1.3633024037317505,3.4089059214760367,-1.6953163120957457,33.890212870710734,66.98163536881292,0.07343307367232554,0.09496461248763269,51
B0006,117,1.3633024037317505,3.4089059214760367,-1.6953163120957457,33.890212870710734,66.98163536881292,0.07550871785129283,0.10116073256897913,51
B0006,118,1.3580966140172601,3.4134080258317576,-1.6890383512433216,34.116762412437,66.72586503678076,0.07401683695868191,0.09598514883171738,50
B0006,118,1.3580966140172601,3.4134080258317576,-1.6890383512433216,34.116762412437,66.72586503678076,0.07460959963253604,0.10145892418195081,50
B0006,119,1.353269090999531,3.411221044859532,-1.689240311218937,34.490493589415046,66.48867966571198,0.07392462060613289,0.09596990760137802,49
B0006,120,1.3841605738237488,3.4155210852213678,-1.7102007614808157,34.23744800906639,68.00643686533974,0.07487960335651152,0.10060335245891304,48
B0006,120,1.3841605738237488,3.4155210852213678,-1.7102007614808157,34.23744800906639,68.00643686533974,0.07350439612412557,0.09612015257573586,48
B0006,121,1.4051467790651473,3.4229838362549794,-1.730244918610445,34.41428886050454,69.03752897183544,0.07528060880004324,0.10254518763662164,47
B0006,121,1.4051467790651473,3.4229838362549794,-1.730244918610445,34.41428886050454,69.03752897183544,0.07264208276353092,0.09534113281992042,47
B0006,122,1.378719022627353,3.414757022019347,-1.7152465923901479,34.16445180476378,67.7390831241008,0.07499556374166019,0.10138737916427212,46
B0006,123,1.3682657783199066,3.41435871627236,-1.7013404928191733,33.877146811272176,67.22549538545536,0.07311999977664198,0.09592311750334574,45
B0006,123,1.3682657783199066,3.41435871627236,-1.7013404928191733,33.877146811272176,67.22549538545536,0.07635857115497807,0.1014317733775896,45
B0006,124,1.3573151296618016,3.4091886698418046,-1.7004366132157598,33.839566254190565,66.68746922672389,0.07352773427813793,0.09722971147738375,44
B0006,124,1.3573151296618016,3.4091886698418046,-1.7004366132157598,33.839566254190565,66.68746922672389,0.07477686532784665,0.10280887562042597,44
B0006,125,1.3524934638801596,3.411930366643558,-1.6873533635265776,33.818304796930946,66.45057163278422,0.07365221366344325,0.09623949046601309,43
B0006,126,1.3474099151661236,3.4094417183837504,-1.6919294969110734,33.812621135472135,66.20080723318286,0.07601129120974016,0.10207495349364025,42
B0006,126,1.3474099151661236,3.4094417183837504,-1.6919294969110734,33.812621135472135,66.20080723318286,0.0738708282490051,0.09642311008921206,42
B0006,127,1.3370075130842318,3.4081896097479882,-1.6852952939579415,33.79894614410012,65.6897174696045,0.07632337493459862,0.1024320211016061,41
B0006,128,1.3312352966718526,3.40737851449911,-1.6787428835073943,33.702723745621576,65.40611751852576,0.07357181902429763,0.09759059351551938,40
B0006,128,1.3312352966718526,3.40737851449911,-1.6787428835073943,33.702723745621576,65.40611751852576,0.0749954456773232,0.10259630569279,40
B0006,129,1.3259303781727643,3.4085862639015,-1.6712137513430336,33.63562651984647,65.14547680110712,0.07457692199537422,0.098332863281485,39
B0006,129,1.3259303781727643,3.4085862639015,-1.6712137513430336,33.63562651984647,65.14547680110712,0.07655910700249269,0.10301800475787612,39
B0006,130,1.321578743867529,3.404843616147767,-1.6768931248947176,33.690724061796516,64.93167274597319,0.07348534244575625,0.09721507881558597,38
B0006,131,1.321225074066109,3.4081057374178703,-1.6701186583642826,33.71317033815572,64.91429627717592,0.07627816468715698,0.10209285250394709,37
B0006,131,1.321225074066109,3.4081057374178703,-1.6701186583642826,33.71317033815572,64.91429627717592,0.07200798231511968,0.09467221621756744,37
B0006,132,1.3156485301862682,3.4091728540380735,-1.6634753413292604,33.65376593260611,64.64031008911138,0.07628105077777647,0.10123049924820199,36
B0006,132,1.3156485301862682,3.4091728540380735,-1.6634753413292604,33.65376593260611,64.64031008911138,0.07340853801638215,0.09646817904064085,36
B0006,133,1.3209025697502388,3.4110817622184233,-1.6645875549232958,33.983578066068176,64.8984510278524,0.07559149558239868,0.10170048160813132,35
B0006,134,1.3474328767273906,3.4167486246717154,-1.6918384605140158,33.816348135475515,66.20193537828118,0.07368975629679228,0.09703678483745568,34
B0006,134,1.3474328767273906,3.4167486246717154,-1.6918384605140158,33.816348135475515,66.20193537828118,0.07436926956755013,0.10195116957544287,34
B0006,135,1.3260128072353616,3.4169689184247174,-1.6711981411684529,33.60692030225909,65.14952669744675,0.07251824118465043,0.09465591179063428,33
B0006,135,1.3260128072353616,3.4169689184247174,-1.6711981411684529,33.60692030225909,65.14952669744675,0.07554946383264172,0.1033905552179119,33
B0006,136,1.3101186784831063,3.4105763913818787,-1.6632769410531225,33.47350597721994,64.36861797633368,0.07383014762823663,0.09770882689347758,32
B0006,137,1.30521620229393,3.4113335283009314,-1.6559085740676296,33.209178727620106,64.12775001365068,0.07543780913259987,0.10190222500615645,31
B0006,137,1.30521620229393,3.4113335283009314,-1.6559085740676296,33.209178727620106,64.12775001365068,0.07329562021253073,0.09701097507123445,31
B0006,138,1.3004061951355774,3.4081283345557187,-1.6561009220603313,33.58088963686094,63.89142523000749,0.0752830478385875,0.10212799871439257,30
B0006,138,1.3004061951355774,3.4081283345557187,-1.6561009220603313,33.58088963686094,63.89142523000749,0.07358700423436104,0.0984700686918705,30
B0006,139,1.300235735841116,3.4125732422699135,-1.6493259508429792,33.76400861956033,63.88305024124815,0.07504265846305132,0.10234809729911541,29
B0006,140,1.2895066722480755,3.407693686560286,-1.6481131076816375,33.57003564415372,63.35591097744968,0.07299830246064513,0.09674804588399895,28
B0006,140,1.2895066722480755,3.407693686560286,-1.6481131076816375,33.57003564415372,63.35591097744968,0.07493083270026814,0.10316530446995302,28
B0006,141,1.279253057384795,3.4073499608041957,-1.6402541382604887,33.272050895552354,62.85213141239902,0.07317671448765889,0.09789006335131165,27
B0006,141,1.279253057384795,3.4073499608041957,-1.6402541382604887,33.272050895552354,62.85213141239902,0.07555918138378297,0.10171557782292613,27
B0006,142,1.2792078171714618,3.409292163767801,-1.6339151095418003,33.12740933210319,62.84990867482796,0.07330671757566318,0.09867203700323107,26
B0006,143,1.274036760902923,3.4095492354804775,-1.6340244573659812,33.439116773449626,62.59584486293798,0.07529135855581007,0.10399050592213124,25
B0006,143,1.274036760902923,3.4095492354804775,-1.6340244573659812,33.439116773449626,62.59584486293798,0.07381497446326195,0.09966717133921947,25
B0006,144,1.2741273923001468,3.410318915287339,-1.632488007933941,33.482874768414376,62.600297755550194,0.07695888745317593,0.10278141799912464,24
B0006,144,1.2741273923001468,3.410318915287339,-1.632488007933941,33.482874768414376,62.600297755550194,0.0749168340838373,0.09740913121594287,24
B0006,145,1.2637639426440779,3.409269478846637,-1.6192610042624402,33.22136307064441,62.09112179860495,0.07582454225155175,0.10410637069985224,23
B0006,146,1.2581373688955233,3.4094374435069095,-1.6178242977824624,32.98562738901426,61.8146775481072,0.07319733067893863,0.0986378767270153,22
B0006,146,1.2581373688955233,3.4094374435069095,-1.6178242977824624,32.98562738901426,61.8146775481072,0.07591191584477391,0.10494385154400138,22
B0006,147,1.253259864055301,3.403885091976961,-1.6181015728870058,32.970182781539556,61.57503647520722,0.07412387969571942,0.09846760988701693,21
B0006,147,1.253259864055301,3.403885091976961,-1.6181015728870058,32.970182781539556,61.57503647520722,0.07629297155319334,0.10647126315333194,21
B0006,148,1.2532313315493426,3.4065929107527846,-1.6180985297864203,33.31018716138479,61.573634619019614,0.07444944766297028,0.09763490351376954,20
B0006,149,1.2480874960313577,3.4095930016592684,-1.6103535053387172,33.23406652671602,61.3209082142838,0.07429801976099379,0.09727249699620968,19
B0006,149,1.2480874960313577,3.4095930016592684,-1.6103535053387172,33.23406652671602,61.3209082142838,0.0752876188558989,0.10131281846755223,19
B0006,150,1.2534354284944844,3.409409922814414,-1.611644410040853,33.117656712920734,61.58366228941904,0.0732641449429155,0.09485788030578557,18
B0006,150,1.2534354284944844,3.409409922814414,-1.611644410040853,33.117656712920734,61.58366228941904,0.07525091465096566,0.10263114150619053,18
B0006,151,1.2898048773266901,3.4195489282896943,-1.6420364978388977,33.78417036686004,63.37056235911395,0.07295338594839133,0.09709171535624934,17
B0006,152,1.2635402021758835,3.4151799904187996,-1.6194806393973795,33.806439563441614,62.0801290046241,0.07579555842218386,0.10337622430701954,16
B0006,152,1.2635402021758835,3.4151799904187996,-1.6194806393973795,33.806439563441614,62.0801290046241,0.07229989931673016,0.09726851617156725,16
B0006,153,1.2479761706842853,3.4154594925159083,-1.6048643562670923,33.63735785291911,61.31543858862738,0.07634314633390711,0.10459379391771405,15
B0006,153,1.2479761706842853,3.4154594925159083,-1.6048643562670923,33.63735785291911,61.31543858862738,0.07208193445058439,0.09632752730869723,15
B0006,154,1.2321202877943334,3.4130336456755868,-1.5916400783224371,33.58195933847606,60.53640895934027,0.07548574752727838,0.10415670198896312,14
B0006,155,1.2271137666213534,3.4094524356574096,-1.5901105081883435,33.56245583951572,60.290429069070264,0.074020498261262,0.09921529436633025,13
B0006,155,1.2271137666213534,3.4094524356574096,-1.5901105081883435,33.56245583951572,60.290429069070264,0.075678173941146,0.10498941605859084,13
B0006,156,1.2217397581377356,3.4138496008165014,-1.5767754479909835,33.5111267532655,60.02639382954212,0.07451902070420802,0.09722241475542803,12
B0006,157,1.211102678915174,3.410900672125043,-1.575262673173442,33.53675907012135,59.50377393250057,0.07639730618221811,0.10625558495145841,11
B0006,157,1.211102678915174,3.410900672125043,-1.575262673173442,33.53675907012135,59.50377393250057,0.07424018982352315,0.09804575972887292,11
B0006,158,1.2056159765131735,3.4105744140130074,-1.5684640005188113,33.49803069556778,59.23420182680926,0.07554089552390525,0.10325199429925233,10
B0006,158,1.2056159765131735,3.4105744140130074,-1.5684640005188113,33.49803069556778,59.23420182680926,0.0751269930267548,0.0976015207267083,10
B0006,159,1.2008936262717274,3.4096514247359915,-1.5671286757845893,33.516977262709986,59.002183793913154,0.07758555911246837,0.10473113760753461,9
B0006,160,1.1905903985558335,3.4128578373442537,-1.5537993411647462,33.531923269271225,58.495966655222006,0.07300304718574424,0.09986121453402325,8
B0006,160,1.1905903985558335,3.4128578373442537,-1.5537993411647462,33.531923269271225,58.495966655222006,0.07914099539982122,0.10410597469599145,8
B0006,161,1.185179251041941,3.413450901705652,-1.5521827524962775,33.567636169584304,58.23010670462684,0.0733791162898153,0.10012439870046425,7
B0006,161,1.185179251041941,3.413450901705652,-1.5521827524962775,33.567636169584304,58.23010670462684,0.07703480377026387,0.1043025357256912,7
B0006,162,1.1796706818144624,3.414388187503409,-1.5452652929126827,33.60493096509702,57.95946024028492,0.07400638737748559,0.10058214210272005,6
B0006,163,1.1745952836753915,3.412419038813061,-1.538651770825325,33.54281440778599,57.71009629390571,0.07558657312230183,0.10545022867710716,5
B0006,163,1.1745952836753915,3.412419038813061,-1.538651770825325,33.54281440778599,57.71009629390571,0.07445731304872845,0.09771765292275987,5
B0006,164,1.15381833159625,3.4148103057455175,-1.5169723774339863,33.472459360982775,56.689285192545555,0.07680024027253078,0.10505838895245793,4
B0006,164,1.15381833159625,3.4148103057455175,-1.5169723774339863,33.472459360982775,56.689285192545555,0.07404961895766839,0.10004265315557904,4
B0006,165,1.1644009557372264,3.4166177332601,-1.5238501013926742,33.58210389885497,57.20922960804411,0.07773379473968531,0.1055258410926404,3
B0006,166,1.1587974947916069,3.4121341541171764,-1.523792814686802,33.6634605108384,56.933920933434955,0.07345356672681479,0.09958433419834246,2
B0006,166,1.1587974947916069,3.4121341541171764,-1.523792814686802,33.6634605108384,56.933920933434955,0.07649758460967311,0.10668360253694291,2
B0006,167,1.1749748834769171,3.419700177568569,-1.5391310859398721,33.730546074122294,57.72874675283711,0.07429181207917376,0.10145770673563659,1
B0006,167,1.1749748834769171,3.419700177568569,-1.5391310859398721,33.730546074122294,57.72874675283711,0.07693445086160708,0.10589812281309796,1
B0006,168,1.1856752327929356,3.4234687742187893,-1.5426703969635054,33.8912822372509,58.254475229690506,0.07358936787982846,0.09999474026181411,0
B0007,1,1.89105229539079,3.522006703394617,-1.8691188840185695,32.62485875142121,100.0,0.03816813609946085,0.06158094574229446,167
B0007,1,1.89105229539079,3.522006703394617,-1.8691188840185695,32.62485875142121,100.0,0.042352200255114755,0.07946205744298855,167
B0007,2,1.880637027686859,3.5319490434317116,-1.8680422715350309,32.738209593287145,99.44923428456647,0.03971312292013592,0.06180654339682964,166
B0007,2,1.880637027686859,3.5319490434317116,-1.8680422715350309,32.738209593287145,99.44923428456647,0.04171928239305599,0.08085099253522705,166
B0007,3,1.8806626717011388,3.5344025220217845,-1.877784734502072,32.68511456550919,99.45059035569906,0.03840146399106517,0.06100130384680727,165
B0007,4,1.8807709009833444,3.53492504932652,-1.8875256535871228,32.554748499572646,99.45631358622364,0.041725543288745344,0.07324252372827775,164
B0007,4,1.8807709009833444,3.53492504932652,-1.8875256535871228,32.554748499572646,99.45631358622364,0.0371051772037323,0.06007565108189894,164
B0007,5,1.8794508728285058,3.534536640068787,-1.8871559747738404,32.46787845303298,99.38650969142624,0.039929523505293565,0.07752548996987343,163
B0007,5,1.8794508728285058,3.534536640068787,-1.8871559747738404,32.46787845303298,99.38650969142624,0.037833946033938984,0.061293760421866045,163
B0007,6,1.8807003517117404,3.5411626672196816,-1.8675154082122565,32.48624734055599,99.45258289766596,0.040868280768717374,0.07683869552898764,162
B0007,7,1.8799352523566075,3.541165612176161,-1.8673304059806155,32.55779966353037,99.41212397661985,0.037520425405365855,0.060073134186248135,161
B0007,7,1.8799352523566075,3.541165612176161,-1.8673304059806155,32.55779966353037,99.41212397661985,0.04169865656080958,0.0720729677827527,161
B0007,8,1.8815088124038797,3.5494581176357975,-1.9063154499484403,32.45374435641106,99.49533479268811,0.03739727137150672,0.0612330724542185,160
B0007,8,1.8815088124038797,3.5494581176357975,-1.9063154499484403,32.45374435641106,99.49533479268811,0.03998676920342006,0.07363674363826805,160
B0007,9,1.8696907870385844,3.5502805464079743,-1.9164259300038171,32.373246444985035,98.87039039563994,0.03591968009886427,0.06057069111701671,159
B0007,10,1.870052380139199,3.5481347674910286,-1.9165016044519978,32.30534276235138,98.88951165957833,0.04146824914736063,0.06954303801749961,158
B0007,10,1.870052380139199,3.5481347674910286,-1.9165016044519978,32.30534276235138,98.88951165957833,0.03738579892114978,0.06131737602920535,158
B0007,11,1.8700442394188577,3.5484272148956437,-1.926771167846017,32.183319483399806,98.88908117331621,0.040910536950841486,0.06973813181143433,157
B0007,11,1.8700442394188577,3.5484272148956437,-1.926771167846017,32.183319483399806,98.88908117331621,0.03789058841967389,0.06032875855026001,157
B0007,12,1.8596518987766364,3.5560433603714667,-1.936979366983281,32.378853181816005,98.33952785490447,0.040097248859574955,0.07288145197811349,156
B0007,13,1.8590746560862206,3.5604849642800684,-1.947065774665518,32.2913249500013,98.30900290898825,0.03715722957533256,0.06103479269674707,155
B0007,13,1.8590746560862206,3.5604849642800684,-1.947065774665518,32.2913249500013,98.30900290898825,0.04119201955867326,0.06848356653346994,155
B0007,14,1.8590084577709232,3.5562872542469752,-1.946961601670498,32.14782797344657,98.30550230165662,0.04105669646645134,0.07065997133250308,154
B0007,15,1.8593622586957048,3.5647746218187324,-1.946851050742258,32.01380948237792,98.32421151057929,0.041759405414555945,0.06445608820977453,153
B0007,15,1.8593622586957048,3.5647746218187324,-1.946851050742258,32.01380948237792,98.32421151057929,0.04119459773687198,0.07022095542831697,153
B0007,16,1.8587355450601035,3.565438928797127,-1.9574063719005568,31.881310103471357,98.29107051087615,0.04232704798626884,0.06414150947613172,152
B0007,16,1.8587355450601035,3.565438928797127,-1.9574063719005568,31.881310103471357,98.29107051087615,0.03996874022966617,0.06812474119697177,152
B0007,17,1.847817291322145,3.565961679108638,-1.9680136940585706,31.854304304240515,97.7137065868551,0.03967286398299121,0.06333755034552216,151
B0007,18,1.8485252916137047,3.572496559005355,-1.9680499927642312,31.856555404576753,97.75114607455649,0.03979410788978178,0.06877945536158117,150
B0007,18,1.8485252916137047,3.572496559005355,-1.9680499927642312,31.856555404576753,97.75114607455649,0.04046536725285732,0.06397225205950727,150
B0007,19,1.848378951850034,3.5699492020415136,-1.9680218912213907,31.867182607083926,97.74340753850292,0.04093901824195282,0.06675223084774302,149
B0007,19,1.848378951850034,3.5699492020415136,-1.9680218912213907,31.867182607083926,97.74340753850292,0.04083099544598788,0.06292223531520325,149
B0007,20,1.8807805437609766,3.5464338449590023,-1.9066656790606797,32.35216872128999,99.45682350219242,0.041067363565729334,0.0662850303940424,148
B0007,21,1.8814721597443598,3.5531968089006387,-1.9267118604677658,32.60219299451182,99.49339657767368,0.04078701229987664,0.06338858492819599,147
B0007,21,1.8814721597443598,3.5531968089006387,-1.9267118604677658,32.60219299451182,99.49339657767368,0.041661708894818184,0.06816357758679417,147
B0007,22,1.8810954313244785,3.5599340214678805,-1.9260915660103672,32.19571819720114,99.4734749488113,0.03981735939635393,0.06446689612483536,146
B0007,22,1.8810954313244785,3.5599340214678805,-1.9260915660103672,32.19571819720114,99.4734749488113,0.040333531003242,0.06552022262244311,146
B0007,23,1.8710089649779995,3.5595604968237993,-1.9468340181835688,31.805988160181123,98.94009644991608,0.03879098770177327,0.06280987925671022,145
B0007,24,1.8701995151941375,3.552385161941813,-1.9364196896718646,31.737001978644926,98.89729225111972,0.039800320946257906,0.06501329487260551,144
B0007,24,1.8701995151941375,3.552385161941813,-1.9364196896718646,31.737001978644926,98.89729225111972,0.04135849902166442,0.06409309629130175,144
B0007,25,1.8706715362800985,3.5707670304281067,-1.9675984733558025,31.51707667966367,98.92225301434723,0.04068161380288319,0.06480202845662458,143
B0007,25,1.8706715362800985,3.5707670304281067,-1.9675984733558025,31.51707667966367,98.92225301434723,0.04198813216408782,0.06290743673977844,143
B0007,26,1.8596124644020169,3.5657224847439295,-1.9680130544442065,31.442860781038384,98.33744254109715,0.04069176276675313,0.06403224799847893,142
B0007,27,1.860033909718346,3.5712835067487094,-1.9675572757550353,31.32326275303232,98.35972882674649,0.0410635565050997,0.06183018814159419,141
B0007,27,1.860033909718346,3.5712835067487094,-1.9675572757550353,31.32326275303232,98.35972882674649,0.04036112042873984,0.06359181730010477,141
B0007,28,1.8591653109160768,3.5679716274891398,-1.967618505240168,31.28571570579735,98.31379679174215,0.0397095688006817,0.06308316873083149,140
B0007,28,1.8591653109160768,3.5679716274891398,-1.967618505240168,31.28571570579735,98.31379679174215,0.04725020480421689,0.07272586091049475,140
B0007,29,1.8481398178778288,3.5646314038791784,-1.9678214300979182,31.331850868998004,97.73076198804469,0.04658869845988432,0.06938696400889426,139
B0007,30,1.849201702126164,3.568983888921194,-1.9675056354779956,31.32285733932258,97.78691507545129,0.046165351746082724,0.07140516250476096,138
B0007,30,1.849201702126164,3.568983888921194,-1.9675056354779956,31.32285733932258,97.78691507545129,0.045058966847244336,0.06928051739204368,138
B0007,31,1.8834677437950846,3.564620688944316,-1.9683447778186904,31.608436452122476,99.59892428071969,0.04588397322290627,0.06926007196689592,137
B0007,31,1.8834677437950846,3.564620688944316,-1.9683447778186904,31.608436452122476,99.59892428071969,0.04581384765227875,0.06966533025568689,137
B0007,32,1.8628211117905844,3.5694388142217837,-1.9788067754387157,31.782101501165204,98.50711777410832,0.04922145778943997,0.07134263821575189,136
B0007,33,1.852085039652352,3.568742147335628,-1.9785908218423578,31.515041989202878,97.93938772431541,0.04888655382152031,0.06968514370622465,135
B0007,33,1.852085039652352,3.568742147335628,-1.9785908218423578,31.515041989202878,97.93938772431541,0.0483951365393567,0.07135159504195451,135
B0007,34,1.8469504648208708,3.5642424070467817,-1.9784335668087778,31.13866351339678,97.66786827220949,0.04805522182634865,0.06988641944387855,134
B0007,34,1.8469504648208708,3.5642424070467817,-1.9784335668087778,31.13866351339678,97.66786827220949,0.04880060650708679,0.07055158255812932,134
B0007,35,1.836828431169018,3.5653038098527605,-1.9781601679702336,31.068710515588776,97.13260895248978,0.047509200748586077,0.07037254012210739,133
B0007,36,1.8371619619672275,3.565432167703823,-1.9783765899690637,31.618244836823447,97.15024626474299,0.047771007804623865,0.07071182578495028,132
B0007,36,1.8371619619672275,3.565432167703823,-1.9783765899690637,31.618244836823447,97.15024626474299,0.048179914298366426,0.07048007986898036,132
B0007,37,1.8316722583718854,3.5622303163451425,-1.9780771457931066,31.331528063668397,96.85994738677316,0.04807094716422849,0.07168496170621791,131
B0007,37,1.8316722583718854,3.5622303163451425,-1.9780771457931066,31.331528063668397,96.85994738677316,0.04853240735824653,0.07034952369656776,131
B0007,38,1.8211470951317783,3.564481026852489,-1.9780971417908424,31.132569191182142,96.30337032828774,0.04812925712317766,0.07103622899681207,130
B0007,39,1.816506091511515,3.561614556780574,-1.977978349880126,30.972969676157927,96.0579512231908,0.04974625536405859,0.07095960275807538,129
B0007,39,1.816506091511515,3.561614556780574,-1.977978349880126,30.972969676157927,96.0579512231908,0.04905350092860657,0.0716505512430741,129
B0007,40,1.8113815601504555,3.5630587459190144,-1.9784334957218421,31.1990648511682,95.78696287593303,0.04989362821249148,0.06988750479775756,128
B0007,40,1.8113815601504555,3.5630587459190144,-1.9784334957218421,31.1990648511682,95.78696287593303,0.047713850867314125,0.07104861014688077,128
B0007,41,1.8116056333939583,3.5629534367704405,-1.9782873833989176,31.722267598269813,95.79881200586186,0.04762093306188868,0.06959637470924757,127
B0007,42,1.8060548955557403,3.563446012076242,-1.9781961432676651,31.900827580605675,95.50528559986307,0.04799398254598553,0.07155340020297168,126
B0007,42,1.8060548955557403,3.563446012076242,-1.9781961432676651,31.900827580605675,95.50528559986307,0.04647996212810349,0.07109805169409975,126
B0007,43,1.8132041826994056,3.563998342345823,-1.9670969462670498,31.5372402498617,95.8833442691601,0.04743838010781302,0.07011601815239543,125
B0007,44,1.8062641938283535,3.5604902283110547,-1.9781214643703728,31.24662583059252,95.5163534203101,0.04796925031131609,0.07089251138004057,124
B0007,44,1.8062641938283535,3.5604902283110547,-1.9781214643703728,31.24662583059252,95.5163534203101,0.048992220667641126,0.07040814900058472,124
B0007,45,1.7958310249900458,3.5567002097886946,-1.9780364457328714,30.939399361884792,94.96464108196085,0.04822541815588505,0.07097691576307026,123
B0007,45,1.7958310249900458,3.5567002097886946,-1.9780364457328714,30.939399361884792,94.96464108196085,0.04821470056663109,0.06961687203754899,123
B0007,46,1.7858852600390451,3.5584127263446006,-1.977935781469453,30.884857004354572,94.43870295876657,0.04908955036286932,0.07022873713037443,122
B0007,47,1.7803268604502753,3.556136820956992,-1.9780170042003,30.920682316695828,94.14477139472058,0.047912972518477946,0.06948120171428374,121
B0007,47,1.7803268604502753,3.556136820956992,-1.9780170042003,30.920682316695828,94.14477139472058,0.048817413924019566,0.07189407403925935,121
B0007,48,1.8150756899575577,3.568999942180493,-1.9779140108313502,33.880577817079796,95.9823107156573,0.04761040788727024,0.0703612147830665,120
B0007,48,1.8150756899575577,3.568999942180493,-1.9779140108313502,33.880577817079796,95.9823107156573,0.04889219507251717,0.07012605128802055,120
B0007,49,1.8157025154845838,3.571059290544873,-1.978162017642311,33.038339318294426,96.01545763224729,0.048347237713963785,0.07029953014036178,119
B0007,50,1.8002432178056673,3.5666921284622095,-1.9779553399945098,32.27329169539202,95.19796053200334,0.04742321873077289,0.06907761875176498,118
B0007,50,1.8002432178056673,3.5666921284622095,-1.9779553399945098,32.27329169539202,95.19796053200334,0.050111225517516046,0.06960073254899966,118
B0007,51,1.7904476205609308,3.563327431073248,-1.9779914337720734,31.937919783481355,94.67996336880418,0.048460437754935325,0.0708375336017697,117
B0007,51,1.7904476205609308,3.563327431073248,-1.9779914337720734,31.937919783481355,94.67996336880418,0.04874528416849275,0.07248947480976828,117
B0007,52,1.780343032300132,3.5590146214829015,-1.9721889844228178,31.688686599521045,94.14562657201503,0.04890922045962195,0.07224375321168745,116
B0007,53,1.775328769596812,3.5566945836342914,-1.9723254573804139,31.779120691032947,93.88046929870528,0.04834801429353973,0.07007227991852431,115
B0007,53,1.775328769596812,3.5566945836342914,-1.9723254573804139,31.779120691032947,93.88046929870528,0.05049341528042814,0.0714779278737494,115
B0007,54,1.7702629734732853,3.555013984911923,-1.9668382736785281,32.133873372089305,93.61258690667022,0.04790614551385609,0.07076656687245311,114
B0007,54,1.7702629734732853,3.555013984911923,-1.9668382736785281,32.133873372089305,93.61258690667022,0.049653807534869046,0.07281511275371025,114
B0007,55,1.760081061854204,3.5526373754067415,-1.960929600351624,31.889431533099835,93.07416120348377,0.04815631252607322,0.07031487671206166,113
B0007,56,1.749647593537689,3.547186025484395,-1.9607588424014128,31.81736328028127,92.52243302854406,0.049804698569480284,0.07183693248710026,112
B0007,56,1.749647593537689,3.547186025484395,-1.9607588424014128,31.81736328028127,92.52243302854406,0.04871866527250497,0.07073110778960329,112
B0007,57,1.749650075059311,3.546814755244375,-1.9607439129501683,31.72316205746117,92.52256425292258,0.04960142143548596,0.07212114083797687,111
B0007,57,1.749650075059311,3.546814755244375,-1.9607439129501683,31.72316205746117,92.52256425292258,0.04830978182442808,0.07064084986534173,111
B0007,58,1.745028739214683,3.5447850172972655,-1.9550964299704847,31.957150654392294,92.2781851918098,0.04933286951263678,0.07263784411726666,110
B0007,59,1.7396457455286727,3.5465215420964156,-1.955058998571939,32.29917704213345,91.9935291989993,0.04802200703480097,0.07107634151010893,109
B0007,59,1.7396457455286727,3.5465215420964156,-1.955058998571939,32.29917704213345,91.9935291989993,0.048245150285560964,0.07344417258506274,109
B0007,60,1.7285642277717963,3.540832547654255,-1.9491545130405272,32.128842946565555,91.40753177397374,0.04887856396815102,0.07067979605623653,108
B0007,60,1.7285642277717963,3.540832547654255,-1.9491545130405272,32.128842946565555,91.40753177397374,0.05001512861656075,0.07381936636092858,108
B0007,61,1.723900324588418,3.542992511358393,-1.9485230174751031,32.021134355757404,91.16090172599749,0.04912443706060332,0.07004253090015103,107
B0007,62,1.7139788776485192,3.5360811169860216,-1.9431227050969846,31.859048861486652,90.63624955407813,0.047456705587096075,0.07255600991617446,106
B0007,62,1.7139788776485192,3.5360811169860216,-1.9431227050969846,31.859048861486652,90.63624955407813,0.04893713330364649,0.07109876809149202,106
B0007,63,1.7139701997004613,3.5392436935272635,-1.9430080085541772,32.16100333536097,90.63579065888634,0.048886406569936064,0.07289868386035867,105
B0007,63,1.7139701997004613,3.5392436935272635,-1.9430080085541772,32.16100333536097,90.63579065888634,0.04911103876049412,0.07147560174006445,105
B0007,64,1.7036521173638766,3.5348237062932575,-1.9425165961920092,32.10276048728767,90.09016416501656,0.04904240478915373,0.07202371305148902,104
B0007,65,1.7040137474382486,3.5366477402090606,-1.9370190075205085,32.33880662180898,90.10928738414982,0.05030151322042697,0.07382011728457984,103
B0007,65,1.7040137474382486,3.5366477402090606,-1.9370190075205085,32.33880662180898,90.10928738414982,0.04861981736892422,0.07223470556283451,103
B0007,66,1.6935716157343033,3.5352062840980913,-1.9310192096578356,32.21373014824893,89.55710108399319,0.04858590816702541,0.07223412421622642,102
B0007,66,1.6935716157343033,3.5352062840980913,-1.9310192096578356,32.21373014824893,89.55710108399319,0.04830739180756976,0.07449610987674748,102
B0007,67,1.6876577363877656,3.5329852237553396,-1.9304738354803441,32.09949526722965,89.24437153331117,0.04876858782226287,0.07064567543830795,101
B0007,68,1.6830744356583152,3.532158560934324,-1.9305510314753316,32.11305439113157,89.00200379231205,0.04807714089362054,0.07403770271784743,100
B0007,68,1.6830744356583152,3.532158560934324,-1.9305510314753316,32.11305439113157,89.00200379231205,0.04812419279863444,0.07218949222755539,100
B0007,69,1.6779270142025482,3.5308376380023527,-1.9247195409983122,32.20371989479744,88.72980500287017,0.048897202430558395,0.07193674461638987,99
B0007,69,1.6779270142025482,3.5308376380023527,-1.9247195409983122,32.20371989479744,88.72980500287017,0.048287687725557416,0.0711931915352938,99
B0007,70,1.6732060275966172,3.5296958440720005,-1.9245739020356052,32.23340825772458,88.4801563486559,0.05060519273798081,0.07400471120772745,98
B0007,71,1.6674367208253988,3.5281819372126093,-1.9243785304854075,32.212169716369466,88.17507188402843,0.0518898593763007,0.07337968785128729,97
B0007,71,1.6674367208253988,3.5281819372126093,-1.9243785304854075,32.212169716369466,88.17507188402843,0.05513227508897388,0.07463188429536609,97
B0007,72,1.6622662630667526,3.5265730179666974,-1.9184028799161776,32.21746401954225,87.90165492082501,0.05314810765507648,0.07419785919197229,96
B0007,73,1.6574243065763063,3.5245022548553444,-1.9181664471622712,32.23410177209762,87.645609305257,0.052122387063300676,0.07530335771038864,95
B0007,73,1.6574243065763063,3.5245022548553444,-1.9181664471622712,32.23410177209762,87.645609305257,0.051886743475727706,0.07331681215513984,95
B0007,74,1.652538684928734,3.5228548406546385,-1.9180994998619483,32.228343983674435,87.38725464951953,0.05077571807567494,0.07496378520798935,94
B0007,74,1.652538684928734,3.5228548406546385,-1.9180994998619483,32.228343983674435,87.38725464951953,0.05127880020286333,0.07413404629394856,94
B0007,75,1.6472174627573322,3.5222829121237855,-1.9179522150901998,32.1833106060944,87.10586517211738,0.05126724930337932,0.07541159661766002,93
B0007,76,1.6364136810898071,3.5189923820688493,-1.9116539768893375,32.17200142078129,86.53455460107405,0.05162074784919272,0.07456760686704336,92
B0007,76,1.6364136810898071,3.5189923820688493,-1.9116539768893375,32.17200142078129,86.53455460107405,0.051355678502895456,0.0749649652243977,92
B0007,77,1.6362554312048496,3.5177844279570794,-1.9115865510736891,32.03316223587618,86.52618625053486,0.05218773955758448,0.0730264613396324,91
B0007,77,1.6362554312048496,3.5177844279570794,-1.9115865510736891,32.03316223587618,86.52618625053486,0.05194895745860293,0.07469906780400354,91
B0007,78,1.641119179218384,3.5212226057273495,-1.917648718820213,32.506671891788216,86.78338421514901,0.051323546192023374,0.07394056507406407,90
B0007,79,1.6315700789656966,3.5172227884430147,-1.9111337702474194,31.961039485620926,86.27842196339309,0.05128667477654547,0.07539484013414438,89
B0007,79,1.6315700789656966,3.5172227884430147,-1.9111337702474194,31.961039485620926,86.27842196339309,0.052841857026562786,0.07385806546031527,89
B0007,80,1.621213282987236,3.5125010864221813,-1.9108556098369367,31.798082670491866,85.73074826850355,0.05502813794451862,0.07705920199069437,88
B0007,80,1.621213282987236,3.5125010864221813,-1.9108556098369367,31.798082670491866,85.73074826850355,0.05527266157182866,0.07666481641775076,88
B0007,81,1.6164273214762122,3.5129614635074673,-1.9049762303506044,31.95802833708937,85.47766370163623,0.05378413050825462,0.07630704682775627,87
B0007,82,1.615823510161921,3.5125204100391962,-1.9051068520548522,32.41813169746276,85.44573379066746,0.05324102311684918,0.07558335014316388,86
B0007,82,1.615823510161921,3.5125204100391962,-1.9051068520548522,32.41813169746276,85.44573379066746,0.05478650507622205,0.07743191172663344,86
B0007,83,1.61672418029789,3.5151454557578807,-1.9049079394753692,32.64044972789331,85.49336177737963,0.05273469991494585,0.07574262774043826,85
B0007,83,1.61672418029789,3.5151454557578807,-1.9049079394753692,32.64044972789331,85.49336177737963,0.05427689977479273,0.07517125637103751,85
B0007,84,1.6108655863730026,3.513443179473182,-1.898761620917719,32.56399373078006,85.1835557535501,0.054101669766115246,0.07605862048749032,84
B0007,85,1.6006603374309376,3.5097089402574535,-1.90433828068926,32.28305350922276,84.64389595847521,0.05335555094385589,0.07624199701827614,83
B0007,85,1.6006603374309376,3.5097089402574535,-1.90433828068926,32.28305350922276,84.64389595847521,0.053379437619037746,0.0768769249386572,83
B0007,86,1.5959174487005663,3.5042771471756997,-1.904192698545851,32.06065237439007,84.39308910654776,0.05518512471358772,0.0767334331584221,82
B0007,86,1.5959174487005663,3.5042771471756997,-1.904192698545851,32.06065237439007,84.39308910654776,0.05523767045005179,0.07884381066373808,82
B0007,87,1.5962179519462243,3.509207943122176,-1.8982712229514884,32.365261126964526,84.40897990165642,0.053994133680981084,0.07773988563055201,81
B0007,88,1.5958065114633972,3.5095064920492853,-1.8977934870545983,32.68851871366292,84.38722267771132,0.054439338280930595,0.07785420519610012,80
B0007,88,1.5958065114633972,3.5095064920492853,-1.8977934870545983,32.68851871366292,84.38722267771132,0.055109377347250715,0.07623069832622051,80
B0007,89,1.5906507821480704,3.505203266169396,-1.9036436467205253,32.747733642524246,84.11458456358338,0.05405487569096337,0.07821105614795815,79
B0007,89,1.5906507821480704,3.505203266169396,-1.9036436467205253,32.747733642524246,84.11458456358338,0.05479070192432567,0.0771316593546729,79
B0007,90,1.6888211161855506,3.5281182345919753,-1.936992342648715,32.50500516961017,89.3058917673428,0.05335322659418541,0.07819867312210359,78
B0007,91,1.6259938279733204,3.519590928396835,-1.9233409193548265,32.91993878980996,85.98354640622486,0.05372850301976263,0.07612674604645071,77
B0007,91,1.6259938279733204,3.519590928396835,-1.9233409193548265,32.91993878980996,85.98354640622486,0.05354779689154472,0.07799840526566774,77
B0007,92,1.6157433862812898,3.5146260368096875,-1.916884219356136,32.948305858317944,85.44149679093846,0.05342880437818603,0.07475396587125875,76
B0007,92,1.6157433862812898,3.5146260368096875,-1.916884219356136,32.948305858317944,85.44149679093846,0.05429631089195726,0.07755605645193993,76
B0007,93,1.6056626764846538,3.5115494818370454,-1.910472150518363,32.76906651915661,84.90842270191371,0.05466184236291413,0.07846015850370025,75
B0007,94,1.5949746921524348,3.510769869032659,-1.904277326283454,32.59734424608833,84.34323556466374,0.054140507846383475,0.07849103991881125,74
B0007,94,1.5949746921524348,3.510769869032659,-1.904277326283454,32.59734424608833,84.34323556466374,0.053882401638940244,0.0774785569851945,74
B0007,95,1.5904102438871945,3.50804494279531,-1.904002494100001,32.52349894408369,84.10186475348281,0.05497736185369785,0.07863873360391814,73
B0007,95,1.5904102438871945,3.50804494279531,-1.904002494100001,32.52349894408369,84.10186475348281,0.05427616393971161,0.07537775917996459,73
B0007,96,1.5853517062988178,3.507748080950393,-1.9036546380501311,32.578228834731775,83.83436619721833,0.05377474963866314,0.07616309255239219,72
B0007,97,1.5799737147242376,3.5066673521067266,-1.8977146678452774,32.62728298499839,83.5499747191144,0.054523978157317556,0.0781727897082057,71
B0007,97,1.5799737147242376,3.5066673521067266,-1.8977146678452774,32.62728298499839,83.5499747191144,0.0531805398246686,0.07546214094908074,71
B0007,98,1.5752185465278068,3.5061843921745397,-1.8973347377958825,32.652115712561326,83.29851852152426,0.05441238770330601,0.07816806645061,70
B0007,99,1.569798484648868,3.5051004339266254,-1.8970045774163773,32.64767456395258,83.01190234003897,0.05409518971933728,0.07684363196174843,69
B0007,99,1.569798484648868,3.5051004339266254,-1.8970045774163773,32.64767456395258,83.01190234003897,0.05451219205855288,0.07651054614613173,69
B0007,100,1.5702565375950357,3.5054479186890566,-1.8909127399289274,32.6993879231031,83.0361244595057,0.056164422063534065,0.07769932463139873,68
B0007,100,1.5702565375950357,3.5054479186890566,-1.8909127399289274,32.6993879231031,83.0361244595057,0.052351911552094406,0.0772564945442686,68
B0007,101,1.565249873909438,3.500074246846,-1.8968789299198896,32.724576765133094,82.77136902689281,0.05561672295492655,0.07570816049932046,67
B0007,102,1.559633933561147,3.5011647157526498,-1.8964710309338209,32.70434030242972,82.4743946723507,0.055582769847162185,0.07723477152073635,66
B0007,102,1.559633933561147,3.5011647157526498,-1.8964710309338209,32.70434030242972,82.4743946723507,0.054893315578426714,0.0784417847890159,66
B0007,103,1.5649820533392105,3.500407285435189,-1.8967768141795405,32.74051962267582,82.75720651161599,0.05474089300471066,0.07901841555586095,65
B0007,103,1.5649820533392105,3.500407285435189,-1.8967768141795405,32.74051962267582,82.75720651161599,0.05559975704161817,0.07623453799616979,65
B0007,104,1.57497949984227,3.507816455272743,-1.9031485600103595,33.38712825139849,83.28587758683834,0.055237233438058246,0.0799393133533925,64
B0007,105,1.5652811168780458,3.5025243992110107,-1.9028574663381217,33.270627344923426,82.77302117414882,0.05396274243560972,0.07868889028954579,63
B0007,105,1.5652811168780458,3.5025243992110107,-1.9028574663381217,33.270627344923426,82.77302117414882,0.0572653476857599,0.07942312226110386,63
B0007,106,1.559755497470126,3.505155823274424,-1.8963219640753084,33.115074143665915,82.48082304608076,0.0541146320474673,0.07612960917607249,62
B0007,106,1.559755497470126,3.505155823274424,-1.8963219640753084,33.115074143665915,82.48082304608076,0.05107064795051435,0.07876484726875482,62
B0007,107,1.549897685670499,3.4983646475135717,-1.908430732943726,32.90572814040102,81.95953593923268,0.05245305255719061,0.07836888342427649,61
B0007,108,1.5438771531345021,3.500140843862167,-1.889754408573026,32.953112654161664,81.64116650277282,0.05508857873132331,0.07806701171840846,60
B0007,108,1.5438771531345021,3.500140843862167,-1.889754408573026,32.953112654161664,81.64116650277282,0.053291029799270764,0.07774180078331032,60
B0007,109,1.5450187488690073,3.49909547013937,-1.8959167588975119,33.2282109237263,81.70153478223752,0.055778574185470456,0.07824269800333249,59
B0007,109,1.5450187488690073,3.49909547013937,-1.8959167588975119,33.2282109237263,81.70153478223752,0.05374267950314573,0.07767030600334027,59
B0007,110,1.5445940154102908,3.5010357611640615,-1.889387844169526,33.361342590516294,81.6790746176111,0.058454793092531966,0.07808837738558039,58
B0007,111,1.5343086721758876,3.497212315865497,-1.8889185963670394,33.12431679486816,81.13517938745419,0.05464489394226865,0.07820049396409737,57
B0007,111,1.5343086721758876,3.497212315865497,-1.8889185963670394,33.12431679486816,81.13517938745419,0.05487289835073646,0.08114313792394433,57
B0007,112,1.5287603942958483,3.496089957852059,-1.8885071150010755,32.991553593266204,80.84178306554588,0.05828419298726298,0.07844622962445755,56
B0007,112,1.5287603942958483,3.496089957852059,-1.8885071150010755,32.991553593266204,80.84178306554588,0.0568991758337347,0.07887220766486298,56
B0007,113,1.5289260249179843,3.495877119417779,-1.8888180820733198,33.2318318845246,80.85054171397351,0.05428987712099985,0.07797181026914603,55
B0007,114,1.529091650133123,3.493116071455022,-1.8887930414931369,33.5098123920945,80.85930007647583,0.05574285095910161,0.08005685613579032,54
B0007,114,1.529091650133123,3.493116071455022,-1.8887930414931369,33.5098123920945,80.85930007647583,0.056765631832907296,0.0783665633777987,54
B0007,115,1.5239059324661248,3.492655946458748,-1.888168080257056,33.382402850667845,80.5850761600015,0.05446434802277253,0.07791983537472322,53
B0007,115,1.5239059324661248,3.492655946458748,-1.888168080257056,33.382402850667845,80.5850761600015,0.05968120820514389,0.07951493628212278,53
B0007,116,1.5186675419100615,3.49208824531703,-1.887904907597145,33.17829959346276,80.30806686899294,0.05604258367132115,0.07991327205972212,52
B0007,117,1.5136482266426952,3.490216477408044,-1.8877303662432205,33.01591345323486,80.04264241301145,0.057541452922451095,0.08149127802203272,51
B0007,117,1.5136482266426952,3.490216477408044,-1.8877303662432205,33.01591345323486,80.04264241301145,0.05719697967170129,0.08185319457580625,51
B0007,118,1.5136050185229033,3.4905931958620466,-1.8878077163294114,33.271000362987586,80.04035754125528,0.056906824959249674,0.0800043038139232,50
B0007,118,1.5136050185229033,3.4905931958620466,-1.8878077163294114,33.271000362987586,80.04035754125528,0.05533954029001459,0.08086669055606474,50
B0007,119,1.5139470614867965,3.4911419366203664,-1.887674933393443,33.61966967517867,80.05844498202711,0.05670268214391647,0.08127758920341213,49
B0007,120,1.5339599193158786,3.49283645226053,-1.901022727285377,33.29697162630193,81.1167371232789,0.057050602535577005,0.08153840356165401,48
B0007,120,1.5339599193158786,3.49283645226053,-1.901022727285377,33.29697162630193,81.1167371232789,0.05753505401536875,0.07713077542429995,48
B0007,121,1.5391372798653098,3.5025157522808223,-1.8951144121477894,33.393130865360554,81.39051911027366,0.0577616170406075,0.0820660023586674,47
B0007,121,1.5391372798653098,3.5025157522808223,-1.8951144121477894,33.393130865360554,81.39051911027366,0.057686948907810176,0.08022088362573354,47
B0007,122,1.5236247972838737,3.492953565598811,-1.8941478117057606,33.13820710362847,80.57020955991136,0.057585488535843915,0.08293347770359485,46
B0007,123,1.5135813035589147,3.4917462636517236,-1.8875042014728922,32.84069778843796,80.03910347947992,0.05770347788466892,0.08126925834885164,45
B0007,123,1.5135813035589147,3.4917462636517236,-1.8875042014728922,32.84069778843796,80.03910347947992,0.05670666348649182,0.08268806521788226,45
B0007,124,1.5077850749847914,3.490432264232956,-1.8871434043422721,32.75739655594484,79.7325953734772,0.05723155595298293,0.0826950250965445,44
B0007,124,1.5077850749847914,3.490432264232956,-1.8871434043422721,32.75739655594484,79.7325953734772,0.05871571908588068,0.08294174003043774,44
B0007,125,1.5031960676037333,3.488861416967918,-1.8807630082774924,32.77234087259374,79.48992586125676,0.05786085013264919,0.08079562408415836,43
B0007,126,1.4978220596995881,3.4891932104785104,-1.886419275237733,32.720417557744895,79.20574504207775,0.057109751399146834,0.08239034528661737,42
B0007,126,1.4978220596995881,3.4891932104785104,-1.886419275237733,32.720417557744895,79.20574504207775,0.057511140154939196,0.08182855408185172,42
B0007,127,1.492848534633516,3.4878785713375917,-1.8800039366336023,32.710022803073514,78.94274199989883,0.05701776890792207,0.0816566640960627,41
B0007,128,1.492414389867026,3.486430546073901,-1.8733366537372407,32.62076759783716,78.91978415957107,0.05818081028754896,0.08248706088939217,40
B0007,128,1.492414389867026,3.486430546073901,-1.8733366537372407,32.62076759783716,78.91978415957107,0.05771468674207234,0.08397428323884612,40
B0007,129,1.487482776538081,3.4812572775226682,-1.879702248133121,32.57651826255201,78.65899743564148,0.057554341890008825,0.08219829115379546,39
B0007,129,1.487482776538081,3.4812572775226682,-1.879702248133121,32.57651826255201,78.65899743564148,0.0568683507839505,0.08373541370295104,39
B0007,130,1.482535148640411,3.4823550791204023,-1.8790751470067306,32.58396494906228,78.39736385153971,0.06009510252454094,0.07958025942701291,38
B0007,131,1.4827874322228984,3.4835074286280525,-1.8728728303565048,32.623742674615976,78.41070476141842,0.0546567857524269,0.08196905646669346,37
B0007,131,1.4827874322228984,3.4835074286280525,-1.8728728303565048,32.623742674615976,78.41070476141842,0.05600939306983416,0.08238368438591265,37
B0007,132,1.476971179775059,3.478976541530706,-1.8726786421400121,32.58599202496769,78.10313778074762,0.05855396288691582,0.0817127037862085,36
B0007,132,1.476971179775059,3.478976541530706,-1.8726786421400121,32.58599202496769,78.10313778074762,0.05716927145517217,0.08220383699971687,36
B0007,133,1.4819015554137276,3.483501191305966,-1.872734820116884,32.864544723781215,78.36385905485969,0.058279853382820955,0.08282201995515953,35
B0007,134,1.4981366198874824,3.4899701994096612,-1.8800362373714223,33.079651096902374,79.2223791768746,0.06391487439073515,0.08730430672192088,34
B0007,134,1.4981366198874824,3.4899701994096612,-1.8800362373714223,33.079651096902374,79.2223791768746,0.06554333401316845,0.08712630369162297,34
B0007,135,1.4820775214392872,3.484801138956006,-1.8730214281226414,32.932141650182686,78.37316424573085,0.06305909149270444,0.08573561975109256,33
B0007,135,1.4820775214392872,3.484801138956006,-1.8730214281226414,32.932141650182686,78.37316424573085,0.06343709105065118,0.08961239735080084,33
B0007,136,1.4771155312812152,3.47835437960934,-1.8725486136074456,32.755748003791545,78.11077117652985,0.06464924767693998,0.08956183369238867,32
B0007,137,1.4720772783056488,3.475694933923807,-1.8724613181992062,32.52965474617847,77.84434528297595,0.064090710272644,0.08923128682926011,31
B0007,137,1.4720772783056488,3.475694933923807,-1.8724613181992062,32.52965474617847,77.84434528297595,0.06341897509984018,0.08798070573782549,31
B0007,138,1.472248013656454,3.481431873453954,-1.8659419458758726,32.848065199041,77.85337387257239,0.0649449108692077,0.0882787478820197,30
B0007,138,1.472248013656454,3.481431873453954,-1.8659419458758726,32.848065199041,77.85337387257239,0.06404659499126542,0.08969255599053269,30
B0007,139,1.4670106672274665,3.4796060336232353,-1.865786095147701,33.072327061961936,77.57641979564112,0.06309122315038551,0.09066468210852158,29
B0007,140,1.4617672495335379,3.4782258967329596,-1.8654605849037513,32.85096451719535,77.2991446665128,0.06435127573332249,0.08733673232133125,28
B0007,140,1.4617672495335379,3.4782258967329596,-1.8654605849037513,32.85096451719535,77.2991446665128,0.0635675339735441,0.09036756488030863,28
B0007,141,1.4566952670489708,3.4743233868367187,-1.865134613881632,32.572302329954546,77.03093513592873,0.06591948382872609,0.08850648431782984,27
B0007,141,1.4566952670489708,3.4743233868367187,-1.865134613881632,32.572302329954546,77.03093513592873,0.06354297240865986,0.08993700983227765,27
B0007,142,1.451354972758956,3.4737305453330443,-1.858515986418667,32.450684441760906,76.74853711324945,0.0649977419450826,0.08918839817199381,26
B0007,143,1.451615926257375,3.47481272321405,-1.8588972649148483,32.7394359440147,76.76233649357621,0.06362757826786986,0.09244959245559134,25
B0007,143,1.451615926257375,3.47481272321405,-1.8588972649148483,32.7394359440147,76.76233649357621,0.0659153562053605,0.08881959919920622,25
B0007,144,1.4468161332173683,3.476096426841386,-1.8581969672334215,32.775898242252914,76.50852050701118,0.06590148740383334,0.09003267092142803,24
B0007,144,1.4468161332173683,3.476096426841386,-1.8581969672334215,32.775898242252914,76.50852050701118,0.06514267045890823,0.08999845498726056,24
B0007,145,1.4467570607768785,3.4686822529487804,-1.8581200056254086,32.5817324044051,76.50539672029024,0.06434871776064219,0.09283376873093901,23
B0007,146,1.4413797481446793,3.4661964701943586,-1.8577209868352302,32.35021153014993,76.22104114507394,0.06518183738180343,0.09083905346760647,22
B0007,146,1.4413797481446793,3.4661964701943586,-1.8577209868352302,32.35021153014993,76.22104114507394,0.06476902315692028,0.09121990458691583,22
B0007,147,1.4362456252208178,3.468183423895935,-1.8512458354075154,32.28754240914786,75.94954559011889,0.063543167392366,0.08852778068820681,21
B0007,147,1.4362456252208178,3.468183423895935,-1.8512458354075154,32.28754240914786,75.94954559011889,0.06353069093235883,0.09116725503746168,21
B0007,148,1.4368154153924828,3.4678606629897453,-1.8514531972432,32.603239183227075,75.9796764422933,0.06422481176747886,0.087404820535234,20
B0007,149,1.4362945145860047,3.4662499547181245,-1.8574211435317929,32.61208344144242,75.95213088960034,0.06415912257007907,0.09032883849831895,19
B0007,149,1.4362945145860047,3.4662499547181245,-1.8574211435317929,32.61208344144242,75.95213088960034,0.06643642479689273,0.08671624569408547,19
B0007,150,1.4418575315878015,3.462469269360201,-1.857823928669184,32.26742656599958,76.24630662526647,0.0634542700643541,0.08768736146246846,18
B0007,150,1.4418575315878015,3.462469269360201,-1.857823928669184,32.26742656599958,76.24630662526647,0.06329811599005293,0.0883740485896972,18
B0007,151,1.4672063484781797,3.480518309485383,-1.8658259561850365,32.637733704417855,77.58676753965592,0.06291934396330487,0.08582394976894858,17
B0007,152,1.4518640367848885,3.4723137993738336,-1.8647784241320742,32.665258715232376,76.77545672975997,0.06145601214896925,0.08889557028653669,16
B0007,152,1.4518640367848885,3.4723137993738336,-1.8647784241320742,32.665258715232376,76.77545672975997,0.06237849213168391,0.08721191866822824,16
B0007,153,1.4471379752748499,3.474362108592906,-1.8578958465335809,32.502652632323915,76.52553971151791,0.06382375412452716,0.09017378045499043,15
B0007,153,1.4471379752748499,3.474362108592906,-1.8578958465335809,32.502652632323915,76.52553971151791,0.06275733239183592,0.08974609994235133,15
B0007,154,1.441790586562399,3.4722823212388754,-1.8511947629213035,32.446842086875606,76.24276653144855,0.06454679946231442,0.09024797990776603,14
B0007,155,1.431630947911111,3.4701761898320465,-1.8509042611451945,32.39361892904713,75.70551863639822,0.06393487478280767,0.08892224605524425,13
B0007,155,1.431630947911111,3.4701761898320465,-1.8509042611451945,32.39361892904713,75.70551863639822,0.06249691986052604,0.09115545784670619,13
B0007,156,1.4318084249673686,3.4635011119445216,-1.850858274670624,32.417221778010834,75.71490373149528,0.06265091616586904,0.08803688863240228,12
B0007,157,1.4262562585106868,3.467453100453348,-1.8504182940365097,32.40094040453025,75.42130177927987,0.06334787344507525,0.09172637881195314,11
B0007,157,1.4262562585106868,3.467453100453348,-1.8504182940365097,32.40094040453025,75.42130177927987,0.06579302475690738,0.0902509933428324,11
B0007,158,1.4260877528924913,3.4675864728547845,-1.8436892876926974,32.36314241861482,75.41239109930522,0.06729379539953537,0.08877642239876088,10
B0007,158,1.4260877528924913,3.4675864728547845,-1.8436892876926974,32.36314241861482,75.41239109930522,0.06430967319687048,0.09093892772715068,10
B0007,159,1.4212633510031694,3.462182535852444,-1.8498733070449755,32.382600705235255,75.157273781763,0.06579546046710036,0.08913718734703446,9
B0007,160,1.4163272748795108,3.465962999117946,-1.8432877207292044,32.4323818014572,74.89625106252409,0.0643176054267762,0.08965051639295069,8
B0007,160,1.4163272748795108,3.465962999117946,-1.8432877207292044,32.4323818014572,74.89625106252409,0.06706903713310808,0.08931746529758988,8
B0007,161,1.4165781829175994,3.4601727514874407,-1.8494580225090995,32.48861829940489,74.90951923277514,0.06264775576524217,0.09062764033755996,7
B0007,161,1.4165781829175994,3.4601727514874407,-1.8494580225090995,32.48861829940489,74.90951923277514,0.06490942889368799,0.09075727480252856,7
B0007,162,1.4108401729425177,3.464226115253961,-1.8426221358637018,32.524062377970175,74.60608976183626,0.06409904375539072,0.09048892075072754,6
B0007,163,1.4109949628347804,3.458799193390812,-1.8427098003104345,32.482615965621896,74.61427514584918,0.06468467106868281,0.0912602372721357,5
B0007,163,1.4109949628347804,3.458799193390812,-1.8427098003104345,32.482615965621896,74.61427514584918,0.06263768180094363,0.0889708433613751,5
B0007,164,1.4061714290398801,3.4620805499710854,-1.842239518040086,32.46389583182878,74.35920373366997,0.06476607440681181,0.09331506762885133,4
B0007,164,1.4061714290398801,3.4620805499710854,-1.842239518040086,32.46389583182878,74.35920373366997,0.06461075599348456,0.09019465992992068,4
B0007,165,1.4063358479692922,3.4578782949034514,-1.842252843487983,32.55681404542561,74.36789830704656,0.06468646287403104,0.09357177480301318,3
B0007,166,1.4004552399066514,3.461590937144894,-1.8356063485512333,32.576296430484255,74.05692816217145,0.06492066764951249,0.08955496020574386,2
B0007,166,1.4004552399066514,3.461590937144894,-1.8356063485512333,32.576296430484255,74.05692816217145,0.06492526583837316,0.0913267326241943,2
B0007,167,1.4217865046055154,3.462906230864041,-1.8561013515700384,32.81804879809979,75.18493846367691,0.06466353603836943,0.0919880772013069,1
B0007,167,1.4217865046055154,3.462906230864041,-1.8561013515700384,32.81804879809979,75.18493846367691,0.06242528216023714,0.08981214323944718,1
B0007,168,1.4324552720625434,3.4753580425264796,-1.8574370794605966,32.92941193334214,75.74910940083355,0.0671426900201505,0.09331350931281934,0
B0018,1,1.8550045207910817,3.5275462263272543,-1.9541761960216968,31.773285281389256,100.0,0.06515815158455215,0.09555369570022001,131
B0018,2,1.8431955317089987,3.534835576186522,-1.9474374301153292,31.924891594728642,99.3633983664338,0.06515815158455215,0.09555369570022001,130
B0018,3,1.8396018424355423,3.538246596159443,-1.9520511323479741,31.31691283374216,99.16966895859797,0.06515815158455215,0.09555369570022001,129
B0018,4,1.8306736044962053,3.537697945111872,-1.9460914562122762,30.821190751176527,98.68836350412234,0.06515815158455215,0.09555369570022001,128
B0018,5,1.8327002069419656,3.542667604586918,-1.9412796601390512,31.95346971511436,98.79761404357093,0.06319812376707153,0.10229511275627602,127
B0018,6,1.8285288846046388,3.5451037330477333,-1.9400338819083036,32.02311236185272,98.57274546289774,0.06319812376707153,0.10229511275627602,126
B0018,7,1.8212011895697924,3.5475142438631493,-1.9335667184847714,31.634533158077694,98.17772243450524,0.06269644718508349,0.09161902925465781,125
B0018,8,1.8151700106433282,3.544812433691423,-1.9332161326561408,31.288194921595714,97.85259228744275,0.06269644718508349,0.09161902925465781,124
B0018,9,1.8042980520967649,3.5434780274164095,-1.9325959489970461,31.11122470608501,97.26650430627024,0.06269644718508349,0.09161902925465781,123
B0018,10,1.8231002302844226,3.543133206790044,-1.9387520938161948,31.13166983979621,98.28009634752517,0.0626070139256824,0.0946846935443713,122
B0018,11,1.8121253520255494,3.545155146280937,-1.9319248326301843,31.51305775907457,97.68846014740458,0.0626070139256824,0.0946846935443713,121
B0018,12,1.8046916382117766,3.545032366549762,-1.9249594896453863,31.31102568785445,97.28772183488542,0.06137843058604763,0.09188288246238666,120
B0018,13,1.790844349786295,3.5440892170496827,-1.9179528942264992,30.893964711700164,96.54123910288773,0.06137843058604763,0.09188288246238666,119
B0018,14,1.783470722841926,3.541317108618481,-1.917373033348097,30.540598970902945,96.14373996680884,0.06137843058604763,0.09188288246238666,118
B0018,15,1.7809386125310702,3.541197979542517,-1.9180652422275581,30.82566018736547,96.00723839592447,0.06199882418368678,0.0960700817119328,117
B0018,16,1.771209039672698,3.541255460524434,-1.9106033469326071,31.451400678644536,95.4827343988009,0.06199882418368678,0.0960700817119328,116
B0018,17,1.7686303996707076,3.5427478949705886,-1.909404549449075,31.518847747922937,95.34372449488482,0.06133724861449716,0.09141202809622342,115
B0018,18,1.7536304801917124,3.541251093602656,-1.8960567702455413,31.11237289077096,94.5351054693852,0.06133724861449716,0.09141202809622342,114
B0018,19,1.7462197416415093,3.5350260562177453,-1.8948411660605735,30.586452588663985,94.13560571253055,0.06133724861449716,0.09141202809622342,113
B0018,20,1.7376647337053737,3.5326627624319777,-1.90021436299665,30.242913021104116,93.67442042482638,0.06143403300566526,0.09201876447685577,112
B0018,21,1.7315166735475835,3.5333109441755526,-1.8936767267608487,30.10270376338569,93.3429894181155,0.06143403300566526,0.09201876447685577,111
B0018,22,1.7085949894470602,3.52738705832889,-1.8739718829459886,30.251184852221932,92.10732212762565,0.06246407536667202,0.08784495845315991,110
B0018,23,1.711469957068211,3.5296025965720452,-1.8791764961687347,30.212407704391104,92.26230652733616,0.06246407536667202,0.08784495845315991,109
B0018,24,1.7075021373272627,3.5289707694229833,-1.8780560689384003,30.125011009636175,92.04840841029782,0.06246407536667202,0.08784495845315991,108
B0018,25,1.7492382064360228,3.5322741848919814,-1.8993718818269214,30.22428629982563,94.29832579006579,0.05911226141914418,0.08989822215265768,107
B0018,26,1.7327697147429955,3.532438322521663,-1.8926958551018211,30.976376254737342,93.4105386440806,0.05911226141914418,0.08989822215265768,106
B0018,27,1.7222313328292376,3.5363211310943603,-1.8783667048362822,31.41570291330098,92.84243318688938,0.06105488892245489,0.08795484250803035,105
B0018,28,1.711846298984729,3.533535274219931,-1.870834339681941,31.383299841535273,92.28259445182906,0.06105488892245489,0.08795484250803035,104
B0018,29,1.699267835126687,3.527012841842043,-1.8696567234639716,31.167937826253635,91.6045117993578,0.06105488892245489,0.08795484250803035,103
B0018,30,1.6940366439243106,3.52925730014011,-1.8623726014599724,30.994690437264207,91.32250757005568,0.06100929812130678,0.08710663504547878,102
B0018,31,1.6819027078768087,3.527821497534469,-1.8547843408980225,31.055317978554886,90.66838862255429,0.06100929812130678,0.08710663504547878,101
B0018,32,1.6769770618433686,3.525692957415014,-1.8538766950740675,31.373945543706103,90.40285579078848,0.06064904573360479,0.08754929973933033,100
B0018,33,1.6655229306478936,3.5243962482347273,-1.845735037450336,31.56128410753226,89.78538391580942,0.06064904573360479,0.08754929973933033,99
B0018,34,1.6571924575832084,3.520797576383474,-1.8382538558498933,31.318474723902874,89.33630290434469,0.06064904573360479,0.08754929973933033,98
B0018,35,1.6482241555294048,3.519457281260753,-1.8435676915974055,31.104012325043946,88.85283766459536,0.06219481868267621,0.08570971190558405,97
B0018,36,1.6387701497987262,3.513165600287965,-1.83704467002657,30.989730398009076,88.34318900203323,0.06219481868267621,0.08570971190558405,96
B0018,37,1.6276486907262062,3.517217159454334,-1.8211904293154166,30.967851972472324,87.74365089051547,0.06106479153135479,0.08848482071807108,95
B0018,38,1.62215370227252,3.5120091114107965,-1.8270453339799269,31.285342046153826,87.44742581978934,0.06106479153135479,0.08848482071807108,94
B0018,39,1.6140066510467586,3.50911052654104,-1.819052179250902,31.41096207271253,87.00823275398015,0.06106479153135479,0.08848482071807108,93
B0018,40,1.6760516154424623,3.516106699716392,-1.8693745969498121,30.755137125871208,90.3529666185232,0.0595969662678692,0.08684055890192541,92
B0018,41,1.649300642552199,3.519010068254593,-1.839770443871628,30.977446633931525,88.91086916860135,0.0595969662678692,0.08684055890192541,91
B0018,42,1.63238299185809,3.5124212742229295,-1.837963396328485,30.800512192698992,87.99886865838727,0.06287106178477314,0.08500615970912836,90
B0018,43,1.6164159719025777,3.50815215295169,-1.8296109578903785,30.616192795676138,87.13811496336645,0.06287106178477314,0.08500615970912836,89
B0018,44,1.6109028378249377,3.508648568515266,-1.8210831511954937,30.399839302766903,86.84091169427205,0.06287106178477314,0.08500615970912836,88
B0018,45,1.5954638693695657,3.5051993439595477,-1.8199201144788144,30.38386825126278,86.00862431802415,0.06095075041521759,0.08544326049182116,87
B0018,46,1.726707440085764,3.523165280193865,-1.8951156248467713,30.576239500422748,93.0837321813855,0.06095075041521759,0.08544326049182116,86
B0018,47,1.7165673917429753,3.527269876472835,-1.8867694858233446,30.705906284556665,92.53710017973063,0.06279037977354894,0.08611082715769634,85
B0018,48,1.6958235570934848,3.526762654741574,-1.8786631828974334,30.62583594950684,91.4188368861919,0.06279037977354894,0.08611082715769634,84
B0018,49,1.6777783190792557,3.523020179476104,-1.8704748023295987,30.597357068657974,90.44605014567585,0.06279037977354894,0.08611082715769634,83
B0018,50,1.6606586897774192,3.519792345798265,-1.8562833971202242,30.528493896066262,89.5231613273491,0.062054327669918884,0.0841039159798283,82
B0018,51,1.6664109274827466,3.5251014582287223,-1.8625354754370638,31.203754246103966,89.83325424846362,0.062054327669918884,0.0841039159798283,81
B0018,52,1.6468336174407805,3.518519199837846,-1.8606833274060013,31.172639449335037,88.77787622525443,0.06126874046942329,0.08711286500552247,80
B0018,53,1.6257639928779952,3.5190801794284594,-1.8383636766891702,30.96825922704022,87.64205017595725,0.06126874046942329,0.08711286500552247,79
B0018,54,1.6121577411874595,3.5114167272902406,-1.8436958588115397,30.821704306343133,86.90856130635962,0.06126874046942329,0.08711286500552247,78
B0018,55,1.6057366823755344,3.5108038681605738,-1.8362729789790888,30.765219721637393,86.56241342693627,0.0627057717757101,0.08381129726407618,77
B0018,56,1.673645314879889,3.51432611790755,-1.864690278795044,30.809988428281613,90.223247227783,0.0627057717757101,0.08381129726407618,76
B0018,57,1.6404348572349936,3.5196664048265607,-1.8572649157581866,31.039033590700278,88.43293042409496,0.060230110173563736,0.0877848925885978,75
B0018,58,1.6132653317422077,3.512403849382274,-1.8483454421357695,31.04176453157222,86.96826954654632,0.060230110173563736,0.0877848925885978,74
B0018,59,1.5920964324686278,3.5077862234460104,-1.839168422289249,30.959784195511766,85.82709177386076,0.060230110173563736,0.0877848925885978,73
B0018,60,1.5866011820698824,3.5076596102713244,-1.8303326102702338,30.843513277103145,85.5308525821416,0.061801794410442104,0.08516278937578788,72
B0018,61,1.5800766490336253,3.5074833565874615,-1.829290599843924,30.797157400797865,85.1791265910117,0.061801794410442104,0.08516278937578788,71
B0018,62,1.5641732953289167,3.5023865933440717,-1.8278449003095165,30.984434580754094,84.32180503052695,0.06335998574164574,0.08600824718099127,70
B0018,63,1.555618272193922,3.503693493885047,-1.8188198987741453,30.967899275139946,83.86061892347928,0.06335998574164574,0.08600824718099127,69
B0018,64,1.5402045278637397,3.4989948462048113,-1.817194042260449,30.976616345195186,83.02969133503282,0.06335998574164574,0.08600824718099127,68
B0018,65,1.5321613015959863,3.495405576723954,-1.8157980815469454,30.89768961926806,82.59609528835993,0.06254971088581063,0.0843178209735426,67
B0018,66,1.5316232403693415,3.494528300232307,-1.822108117298183,30.81568822237933,82.56708936300427,0.06254971088581063,0.0843178209735426,66
B0018,67,1.5222595950771978,3.4962554827793926,-1.8129628028687814,30.726188079151118,82.06231187124104,0.06088396756004627,0.08522512012699898,65
B0018,68,1.5065267126851283,3.48769646191346,-1.8044876731207795,30.76818712651005,81.21418011653458,0.06088396756004627,0.08522512012699898,64
B0018,69,1.5014219556532926,3.486547580844067,-1.809986175960184,30.775415173787835,80.93899172887186,0.06088396756004627,0.08522512012699898,63
B0018,70,1.4963534117486457,3.482298183882304,-1.8090400456598725,30.761821976538275,80.66575552659644,0.062318942746054214,0.0859882467642574,62
B0018,71,1.5334262000312422,3.491819481711868,-1.8273691233501441,30.913721930762733,82.6642837170715,0.062318942746054214,0.0859882467642574,61
B0018,72,1.523845267514426,3.493995853241935,-1.8180385592622932,31.228215653165606,82.14779265683784,0.0619094323498869,0.08488075014924702,60
B0018,73,1.5011920994261239,3.484377015629623,-1.8085351614741645,31.261679783387308,80.92660058779416,0.0619094323498869,0.08488075014924702,59
B0018,74,1.492417671450291,3.4859116793558376,-1.8068041184926535,31.18408593575448,80.45358675534857,0.0619094323498869,0.08488075014924702,58
B0018,75,1.483323851940123,3.4842787539766786,-1.8050190987020625,31.001432353085377,79.9633550923934,0.06328841535782422,0.08847320583286679,57
B0018,76,1.4807376792294196,3.482988652120672,-1.8118563821702207,30.981374033120872,79.82393911352555,0.06328841535782422,0.08847320583286679,56
B0018,77,1.4735077809902477,3.483799876979844,-1.8021525551783737,31.088687926688607,79.4341881367415,0.06244245641291251,0.08553075414412509,55
B0018,78,1.46801928526661,3.4787540756450497,-1.8092953592546854,31.336420133762665,79.1383130775639,0.06244245641291251,0.08553075414412509,54
B0018,79,1.4580923557119019,3.4752194351784507,-1.8000309691416814,31.22599987103565,78.60316993136419,0.06244245641291251,0.08553075414412509,53
B0018,80,1.4478660988891399,3.470739535801023,-1.7981302589297092,31.037323488688802,78.05189058362433,0.06272459952717446,0.09004616962738907,52
B0018,81,1.4527808777541982,3.474600910003521,-1.8058248446047425,30.811349225731828,78.31683758563824,0.06272459952717446,0.09004616962738907,51
B0018,82,1.4425356364492432,3.4740521567700093,-1.795955865281378,30.932223179746046,77.76453481817188,0.06319723456202592,0.0872013762847039,50
B0018,83,1.4392712877203313,3.475075728648004,-1.7951057003644757,31.215527070380897,77.58855957432074,0.06319723456202592,0.0872013762847039,49
B0018,84,1.4286475681888218,3.472424307596416,-1.7940097981352856,31.400797084337558,77.01585371768061,0.06319723456202592,0.0872013762847039,48
B0018,85,1.4249026750004896,3.471751102262539,-1.7841592631620102,31.259213269721236,76.81397317526904,0.06332864514547537,0.08797976668527188,47
B0018,86,1.4698115324524124,3.4745407296058963,-1.8136320536623207,31.134701292957466,79.23492994106556,0.06332864514547537,0.08797976668527188,46
B0018,87,1.4525819651050202,3.471720060423485,-1.8109604460875317,31.246879695988095,78.30611455790711,0.06438276069827963,0.09108149736581252,45
B0018,88,1.442834198908794,3.471398409828823,-1.800802328247715,31.027558674438325,77.78062979024362,0.06438276069827963,0.09108149736581252,44
B0018,89,1.428376058807949,3.4626491088970703,-1.798647877727257,30.931917385258963,77.0012171290454,0.06438276069827963,0.09108149736581252,43
B0018,90,1.4154547844370715,3.466072725920186,-1.7804067367547436,30.667082236656018,76.30465417051595,0.06322621852227772,0.08762970040962542,42
B0018,91,1.454576670077708,3.4730670533412877,-1.8167125180994765,31.226789107710772,78.41364556121901,0.06322621852227772,0.08762970040962542,41
B0018,92,1.4283179548274056,3.4668548162926327,-1.7981268087177564,31.387733116648285,76.99808484662279,0.06275964602343843,0.09224881675419787,40
B0018,93,1.4197026883204058,3.46527367520258,-1.7964439222994821,31.505666838292886,76.53365112635747,0.06275964602343843,0.09224881675419787,39
B0018,94,1.4155606630306516,3.4638878223448684,-1.795371462470329,31.5462258449116,76.31036189749955,0.06275964602343843,0.09224881675419787,38
B0018,95,1.405680035419228,3.457807923440064,-1.7937175263130196,31.389977882297476,75.77771480684933,0.06306423201152148,0.08878755046571668,37
B0018,96,1.4084461071166137,3.459813554486507,-1.8014517734888207,31.385433749863733,75.92682882066349,0.06306423201152148,0.08878755046571668,36
B0018,97,1.3968547782872414,3.458027727779737,-1.7915215753378781,31.423707199142058,75.30196086484692,0.0654312939216661,0.08842632755307295,35
B0018,98,1.3935670371440676,3.4613996718507845,-1.7816941240706174,31.435368910968148,75.12472457747809,0.0654312939216661,0.08842632755307295,34
B0018,99,1.3893644292809475,3.4611285476693214,-1.7797379985412234,31.542375291159843,74.89816944965945,0.0654312939216661,0.08842632755307295,33
B0018,100,1.3785651415666713,3.455556822823358,-1.7856528650965158,31.52669677306915,74.31599902402239,0.0640350502034096,0.09164169330042057,32
B0018,101,1.384901110085747,3.459598362944341,-1.7784070647657095,31.435921914290372,74.65755983684312,0.0640350502034096,0.09164169330042057,31
B0018,102,1.3703251814242443,3.4506569891269216,-1.7778412667349817,31.475238112886494,73.87179740348331,0.06431683619311312,0.08680690256687046,30
B0018,103,1.3733464385229082,3.455515243082573,-1.7764462760420034,31.5817445550721,74.03466800917732,0.06431683619311312,0.08680690256687046,29
B0018,104,1.3679487285504814,3.455840338587253,-1.7752748972563315,31.647958536134297,73.7436870486498,0.06431683619311312,0.08680690256687046,28
B0018,105,1.3567141087089647,3.448678293668265,-1.7742013268724648,31.662032275252905,73.13804864100184,0.06546443423939434,0.0925002319045349,27
B0018,106,1.4604310209194575,3.474503178644755,-1.8196650877007408,30.434500875864142,78.72924322020762,0.06546443423939434,0.0925002319045349,26
B0018,107,1.4500998937104097,3.474031881945217,-1.8096836854216038,31.017997058077018,78.17231049614925,0.06545297065463919,0.0888408418585299,25
B0018,108,1.4381406901824496,3.474404210386772,-1.7993287687468955,31.39483761465523,77.52761106852412,0.06545297065463919,0.0888408418585299,24
B0018,109,1.4283681980964316,3.471767043833224,-1.7959419603883284,31.24511885640641,77.00079337204485,0.06545297065463919,0.0888408418585299,23
B0018,110,1.4147874517552432,3.4685305272975935,-1.7956017209600372,31.05306925187263,76.26867945054364,0.06605675981972527,0.09024364278181114,22
B0018,111,1.413889163393182,3.4651213646662598,-1.7929541659933774,30.88589263299331,76.22025431993113,0.06605675981972527,0.09024364278181114,21
B0018,112,1.3989331662177225,3.4652879859475885,-1.784474211719448,31.053992379018933,75.41400306782735,0.06550914978909368,0.08957234616173203,20
B0018,113,1.3953322584033976,3.461799526154992,-1.793581043096934,31.492840068071885,75.21988452127043,0.06550914978909368,0.08957234616173203,19
B0018,114,1.390046129540245,3.463260140320492,-1.7920645354970144,31.93832684630049,74.93491870022228,0.06550914978909368,0.08957234616173203,18
B0018,115,1.3860271454209647,3.462839429201602,-1.7809541104468565,31.74562722135923,74.7182624023947,0.06602461415916355,0.0893968694708912,17
B0018,116,1.388215260193751,3.4569152237960306,-1.7989851707207014,31.31018499405759,74.83621978461461,0.06602461415916355,0.0893968694708912,16
B0018,117,1.3761826562394497,3.4574690175816127,-1.7873231599598716,31.127360345471814,74.18756347033406,0.06528925688517716,0.0913916544478255,15
B0018,118,1.3647168898640165,3.4502191781217797,-1.7861666392556754,30.985550813719595,73.56946436346267,0.06528925688517716,0.0913916544478255,14
B0018,119,1.3589854739373584,3.4486728051793962,-1.7849995504167615,30.899653280757406,73.2604939074654,0.06528925688517716,0.0913916544478255,13
B0018,120,1.3462308764008801,3.444632719716698,-1.778331020505836,30.706123644966482,72.57291620112974,0.06297327821062598,0.08791100017078796,12
B0018,121,1.4268427818454643,3.467272639213176,-1.809775952165901,30.47122187456595,76.91856089045949,0.06297327821062598,0.08791100017078796,11
B0018,122,1.4064481483279663,3.464490491162134,-1.7896694300229208,30.939221783021114,75.81912240991063,0.06516852362411818,0.09570731197373636,10
B0018,123,1.3934907492075153,3.459667012281024,-1.7970097248124899,31.111640631561894,75.12061203027417,0.06516852362411818,0.09570731197373636,9
B0018,124,1.3882493512249316,3.462241956955771,-1.7861513769566684,31.037910219908994,74.83805757157408,0.06516852362411818,0.09570731197373636,8
B0018,125,1.3701878338420928,3.4555661695067355,-1.784162084841115,30.967950840538833,73.86439323920165,0.0637387678424481,0.09115176519190589,7
B0018,126,1.3796951665608619,3.458696199585801,-1.7845257009241222,30.93996203578424,74.3769166650052,0.0637387678424481,0.09115176519190589,6
B0018,127,1.3686586323935683,3.4525282614097663,-1.7920667435100546,31.295019295352862,73.78195670433692,0.06521856379431411,0.09034871149507483,5
B0018,128,1.3627371779096438,3.4552290080443044,-1.782779873271704,31.81846533166901,73.46274160714678,0.06521856379431411,0.09034871149507483,4
B0018,129,1.3634051133928073,3.4619744219744675,-1.7725212915953121,32.00067162597675,73.49874882306875,0.06521856379431411,0.09034871149507483,3
B0018,130,1.3518646035305233,3.452221905520614,-1.769870119236631,31.73992229230571,72.87662042753458,0.06590455963486774,0.0920096535708447,2
B0018,131,1.3547969729652622,3.447650049442191,-1.7884847819526568,31.52613649688221,73.03469925709389,0.06590455963486774,0.0920096535708447,1
B0018,132,1.341051440640485,3.447928507599004,-1.77774044867741,31.27624493654335,72.29370201580872,0.06606850271516486,0.08895885074391789,0
